[18:41:22] [virtualContainers] file parsed
[18:41:22] [virtualContainers] wrapper HIT. total=21 playerHas=true
[18:45:36] [virtualContainers] file parsed
[18:46:09] [virtualContainers] wrapper HIT. total=20 playerHas=false
[18:46:09] [virtualContainers] INJECTED virtual container for vehId=36666, totalSlots=1000000000, cargoTypes=dryBulk
[18:46:09] [virtualContainers] injected 1 virtual container (player had none)
[18:46:09] [virtualContainers] INJECTED virtual container for vehId=36666, totalSlots=1000000000, cargoTypes=dryBulk
[18:46:10] [virtualContainers] INJECTED virtual container for vehId=36666, totalSlots=1000000000, cargoTypes=dryBulk
[18:46:10] [virtualContainers] INJECTED virtual container for vehId=36666, totalSlots=1000000000, cargoTypes=dryBulk
[18:46:11] [virtualContainers] INJECTED virtual container for vehId=36666, totalSlots=1000000000, cargoTypes=dryBulk
[18:46:12] [virtualContainers] INJECTED virtual container for vehId=36666, totalSlots=1000000000, cargoTypes=dryBulk
[18:46:13] [virtualContainers] INJECTED virtual container for vehId=36666, totalSlots=1000000000, cargoTypes=dryBulk
[18:46:14] [virtualContainers] INJECTED virtual container for vehId=36666, totalSlots=1000000000, cargoTypes=dryBulk
[18:46:15] [virtualContainers] INJECTED virtual container for vehId=36666, totalSlots=1000000000, cargoTypes=dryBulk
[18:46:17] [virtualContainers] INJECTED virtual container for vehId=36210, totalSlots=1000000000, cargoTypes=dryBulk
[18:46:17] [virtualContainers] injected 1 virtual container (player had none)
[18:46:18] [virtualContainers] INJECTED virtual container for vehId=36281, totalSlots=1000000000, cargoTypes=dryBulk
[18:46:18] [virtualContainers] injected 1 virtual container (player had none)
[18:46:19] [virtualContainers] INJECTED virtual container for vehId=36281, totalSlots=1000000000, cargoTypes=dryBulk
[18:46:20] [virtualContainers] INJECTED virtual container for vehId=36281, totalSlots=1000000000, cargoTypes=dryBulk
[18:46:21] [virtualContainers] INJECTED virtual container for vehId=36281, totalSlots=1000000000, cargoTypes=dryBulk
[18:46:22] [virtualContainers] INJECTED virtual container for vehId=36281, totalSlots=1000000000, cargoTypes=dryBulk
[18:46:23] [virtualContainers] INJECTED virtual container for vehId=36281, totalSlots=1000000000, cargoTypes=dryBulk
[18:46:24] [virtualContainers] INJECTED virtual container for vehId=36281, totalSlots=1000000000, cargoTypes=dryBulk
[18:46:25] [virtualContainers] INJECTED virtual container for vehId=36281, totalSlots=1000000000, cargoTypes=dryBulk
[18:46:26] [virtualContainers] INJECTED virtual container for vehId=36281, totalSlots=1000000000, cargoTypes=dryBulk
[18:46:27] [virtualContainers] INJECTED virtual container for vehId=36281, totalSlots=1000000000, cargoTypes=dryBulk
[18:46:28] [virtualContainers] INJECTED virtual container for vehId=36281, totalSlots=1000000000, cargoTypes=dryBulk
[18:46:29] [virtualContainers] INJECTED virtual container for vehId=36281, totalSlots=1000000000, cargoTypes=dryBulk
[18:46:30] [virtualContainers] INJECTED virtual container for vehId=36281, totalSlots=1000000000, cargoTypes=dryBulk
[18:46:31] [virtualContainers] INJECTED virtual container for vehId=36281, totalSlots=1000000000, cargoTypes=dryBulk
[18:46:32] [virtualContainers] INJECTED virtual container for vehId=36281, totalSlots=1000000000, cargoTypes=dryBulk
[18:46:33] [virtualContainers] INJECTED virtual container for vehId=36281, totalSlots=1000000000, cargoTypes=dryBulk
[18:46:34] [virtualContainers] INJECTED virtual container for vehId=36281, totalSlots=1000000000, cargoTypes=dryBulk
[18:46:34] [virtualContainers] INJECTED virtual container for vehId=36281, totalSlots=1000000000, cargoTypes=dryBulk
[18:46:44] [virtualContainers] re-entrancy detected, passing through to original
[18:46:44] [virtualContainers] INJECTED virtual container for vehId=36281, totalSlots=1000000000, cargoTypes=dryBulk
[18:46:44] [virtualContainers] INJECTED virtual container for vehId=36281, totalSlots=1000000000, cargoTypes=dryBulk
[18:49:07] [virtualContainers] INJECTED virtual container for vehId=36281, totalSlots=1000000000, cargoTypes=dryBulk
[18:49:09] [virtualContainers] INJECTED virtual container for vehId=36281, totalSlots=1000000000, cargoTypes=dryBulk
[18:49:10] [virtualContainers] INJECTED virtual container for vehId=36281, totalSlots=1000000000, cargoTypes=dryBulk
[18:49:11] [virtualContainers] INJECTED virtual container for vehId=36281, totalSlots=1000000000, cargoTypes=dryBulk
[18:49:12] [virtualContainers] INJECTED virtual container for vehId=36281, totalSlots=1000000000, cargoTypes=dryBulk
[18:49:13] [virtualContainers] INJECTED virtual container for vehId=36281, totalSlots=1000000000, cargoTypes=dryBulk
[18:49:14] [virtualContainers] INJECTED virtual container for vehId=36281, totalSlots=1000000000, cargoTypes=dryBulk
[18:49:15] [virtualContainers] INJECTED virtual container for vehId=36281, totalSlots=1000000000, cargoTypes=dryBulk
[18:49:16] [virtualContainers] INJECTED virtual container for vehId=36281, totalSlots=1000000000, cargoTypes=dryBulk
[18:49:17] [virtualContainers] INJECTED virtual container for vehId=36281, totalSlots=1000000000, cargoTypes=dryBulk
[18:49:18] [virtualContainers] INJECTED virtual container for vehId=36281, totalSlots=1000000000, cargoTypes=dryBulk
[18:49:19] [virtualContainers] INJECTED virtual container for vehId=36281, totalSlots=1000000000, cargoTypes=dryBulk
[18:49:20] [virtualContainers] INJECTED virtual container for vehId=36281, totalSlots=1000000000, cargoTypes=dryBulk
[18:49:21] [virtualContainers] INJECTED virtual container for vehId=36281, totalSlots=1000000000, cargoTypes=dryBulk
[18:49:22] [virtualContainers] INJECTED virtual container for vehId=36281, totalSlots=1000000000, cargoTypes=dryBulk
[18:49:23] [virtualContainers] INJECTED virtual container for vehId=36281, totalSlots=1000000000, cargoTypes=dryBulk
[18:49:24] [virtualContainers] INJECTED virtual container for vehId=36281, totalSlots=1000000000, cargoTypes=dryBulk
[18:49:25] [virtualContainers] INJECTED virtual container for vehId=36281, totalSlots=1000000000, cargoTypes=dryBulk
[18:49:26] [virtualContainers] INJECTED virtual container for vehId=36281, totalSlots=1000000000, cargoTypes=dryBulk
[18:49:27] [virtualContainers] INJECTED virtual container for vehId=36281, totalSlots=1000000000, cargoTypes=dryBulk
[18:49:28] [virtualContainers] INJECTED virtual container for vehId=36281, totalSlots=1000000000, cargoTypes=dryBulk
[18:49:29] [virtualContainers] INJECTED virtual container for vehId=36281, totalSlots=1000000000, cargoTypes=dryBulk
[18:49:30] [virtualContainers] INJECTED virtual container for vehId=36281, totalSlots=1000000000, cargoTypes=dryBulk
[18:49:31] [virtualContainers] INJECTED virtual container for vehId=36281, totalSlots=1000000000, cargoTypes=dryBulk
[18:49:32] [virtualContainers] INJECTED virtual container for vehId=36281, totalSlots=1000000000, cargoTypes=dryBulk
[18:49:33] [virtualContainers] INJECTED virtual container for vehId=36281, totalSlots=1000000000, cargoTypes=dryBulk
[18:49:34] [virtualContainers] INJECTED virtual container for vehId=36281, totalSlots=1000000000, cargoTypes=dryBulk
[18:49:35] [virtualContainers] INJECTED virtual container for vehId=36281, totalSlots=1000000000, cargoTypes=dryBulk
[18:49:36] [virtualContainers] INJECTED virtual container for vehId=36281, totalSlots=1000000000, cargoTypes=dryBulk
[18:49:37] [virtualContainers] INJECTED virtual container for vehId=36281, totalSlots=1000000000, cargoTypes=dryBulk
[18:49:38] [virtualContainers] INJECTED virtual container for vehId=36281, totalSlots=1000000000, cargoTypes=dryBulk
[18:49:39] [virtualContainers] INJECTED virtual container for vehId=36281, totalSlots=1000000000, cargoTypes=dryBulk
[18:49:40] [virtualContainers] INJECTED virtual container for vehId=36281, totalSlots=1000000000, cargoTypes=dryBulk
[18:49:41] [virtualContainers] INJECTED virtual container for vehId=36281, totalSlots=1000000000, cargoTypes=dryBulk
[18:49:42] [virtualContainers] INJECTED virtual container for vehId=36281, totalSlots=1000000000, cargoTypes=dryBulk
[18:49:42] [virtualContainers] INJECTED virtual container for vehId=36281, totalSlots=1000000000, cargoTypes=dryBulk
[18:49:42] [virtualContainers] INJECTED virtual container for vehId=36281, totalSlots=1000000000, cargoTypes=dryBulk
[18:49:53] [virtualContainers] INJECTED virtual container for vehId=36281, totalSlots=1000000000, cargoTypes=dryBulk
[18:56:16] [virtualContainers] file parsed
[18:56:50] [virtualContainers] wrapper HIT. total=20 playerHasReal=false
[18:56:50] [virtualContainers] INJECTED virtual container for vehId=36665, totalSlots=1000000000, cargoTypes=dryBulk
[18:56:50] [virtualContainers] injected 1 virtual container (player had none)
[18:56:50] [virtualContainers] INJECTED virtual container for vehId=36665, totalSlots=1000000000, cargoTypes=dryBulk
[18:56:51] [virtualContainers] INJECTED virtual container for vehId=36665, totalSlots=1000000000, cargoTypes=dryBulk
[18:56:52] [virtualContainers] INJECTED virtual container for vehId=36665, totalSlots=1000000000, cargoTypes=dryBulk
[18:56:53] [virtualContainers] INJECTED virtual container for vehId=36665, totalSlots=1000000000, cargoTypes=dryBulk
[18:56:54] [virtualContainers] INJECTED virtual container for vehId=36665, totalSlots=1000000000, cargoTypes=dryBulk
[18:56:55] [virtualContainers] INJECTED virtual container for vehId=32880, totalSlots=1000000000, cargoTypes=dryBulk
[18:56:55] [virtualContainers] injected 1 virtual container (player had none)
[18:56:56] [virtualContainers] INJECTED virtual container for vehId=36280, totalSlots=1000000000, cargoTypes=dryBulk
[18:56:56] [virtualContainers] injected 1 virtual container (player had none)
[18:56:57] [virtualContainers] INJECTED virtual container for vehId=36280, totalSlots=1000000000, cargoTypes=dryBulk
[18:56:58] [virtualContainers] INJECTED virtual container for vehId=36280, totalSlots=1000000000, cargoTypes=dryBulk
[18:56:59] [virtualContainers] INJECTED virtual container for vehId=36280, totalSlots=1000000000, cargoTypes=dryBulk
[18:57:00] [virtualContainers] INJECTED virtual container for vehId=36280, totalSlots=1000000000, cargoTypes=dryBulk
[18:57:01] [virtualContainers] INJECTED virtual container for vehId=36280, totalSlots=1000000000, cargoTypes=dryBulk
[18:57:02] [virtualContainers] INJECTED virtual container for vehId=36280, totalSlots=1000000000, cargoTypes=dryBulk
[18:57:03] [virtualContainers] INJECTED virtual container for vehId=36280, totalSlots=1000000000, cargoTypes=dryBulk
[18:57:04] [virtualContainers] INJECTED virtual container for vehId=36280, totalSlots=1000000000, cargoTypes=dryBulk
[18:57:05] [virtualContainers] INJECTED virtual container for vehId=36280, totalSlots=1000000000, cargoTypes=dryBulk
[18:57:06] [virtualContainers] INJECTED virtual container for vehId=36280, totalSlots=1000000000, cargoTypes=dryBulk
[18:57:07] [virtualContainers] INJECTED virtual container for vehId=36280, totalSlots=1000000000, cargoTypes=dryBulk
[18:57:08] [virtualContainers] INJECTED virtual container for vehId=36280, totalSlots=1000000000, cargoTypes=dryBulk
[18:57:09] [virtualContainers] INJECTED virtual container for vehId=36280, totalSlots=1000000000, cargoTypes=dryBulk
[18:57:11] [virtualContainers] INJECTED virtual container for vehId=36280, totalSlots=1000000000, cargoTypes=dryBulk
[18:57:12] [virtualContainers] INJECTED virtual container for vehId=36280, totalSlots=1000000000, cargoTypes=dryBulk
[18:57:13] [virtualContainers] INJECTED virtual container for vehId=36280, totalSlots=1000000000, cargoTypes=dryBulk
[18:57:14] [virtualContainers] INJECTED virtual container for vehId=36280, totalSlots=1000000000, cargoTypes=dryBulk
[18:57:14] [virtualContainers] INJECTED virtual container for vehId=36280, totalSlots=1000000000, cargoTypes=dryBulk
[18:57:15] [virtualContainers] INJECTED virtual container for vehId=36280, totalSlots=1000000000, cargoTypes=dryBulk
[18:57:23] [virtualContainers] re-entrancy detected, passing through to original
[18:57:23] [virtualContainers] INJECTED virtual container for vehId=36280, totalSlots=1000000000, cargoTypes=dryBulk
[18:57:23] [virtualContainers] INJECTED virtual container for vehId=36280, totalSlots=1000000000, cargoTypes=dryBulk
[18:59:11] [virtualContainers] INJECTED virtual container for vehId=36280, totalSlots=1000000000, cargoTypes=dryBulk
[19:01:08] [virtualContainers] file parsed
[19:01:41] [virtualContainers] wrapper HIT. total=20 playerHasReal=false
[19:01:41] [virtualContainers] INJECTED virtual container for vehId=36666, totalSlots=1000000000, cargoTypes=dryBulk
[19:01:41] [virtualContainers] injected 1 virtual container (player had none)
[19:01:41] [virtualContainers] INJECTED virtual container for vehId=36666, totalSlots=1000000000, cargoTypes=dryBulk
[19:01:41] [virtualContainers] INJECTED virtual container for vehId=36666, totalSlots=1000000000, cargoTypes=dryBulk
[19:01:42] [virtualContainers] INJECTED virtual container for vehId=32881, totalSlots=1000000000, cargoTypes=dryBulk
[19:01:42] [virtualContainers] injected 1 virtual container (player had none)
[19:01:44] [virtualContainers] INJECTED virtual container for vehId=36281, totalSlots=1000000000, cargoTypes=dryBulk
[19:01:44] [virtualContainers] injected 1 virtual container (player had none)
[19:01:45] [virtualContainers] INJECTED virtual container for vehId=36281, totalSlots=1000000000, cargoTypes=dryBulk
[19:01:46] [virtualContainers] INJECTED virtual container for vehId=36281, totalSlots=1000000000, cargoTypes=dryBulk
[19:01:47] [virtualContainers] INJECTED virtual container for vehId=36281, totalSlots=1000000000, cargoTypes=dryBulk
[19:01:48] [virtualContainers] INJECTED virtual container for vehId=36281, totalSlots=1000000000, cargoTypes=dryBulk
[19:01:49] [virtualContainers] INJECTED virtual container for vehId=36281, totalSlots=1000000000, cargoTypes=dryBulk
[19:01:50] [virtualContainers] INJECTED virtual container for vehId=36281, totalSlots=1000000000, cargoTypes=dryBulk
[19:01:51] [virtualContainers] INJECTED virtual container for vehId=36281, totalSlots=1000000000, cargoTypes=dryBulk
[19:01:52] [virtualContainers] INJECTED virtual container for vehId=36281, totalSlots=1000000000, cargoTypes=dryBulk
[19:01:53] [virtualContainers] INJECTED virtual container for vehId=36281, totalSlots=1000000000, cargoTypes=dryBulk
[19:01:54] [virtualContainers] INJECTED virtual container for vehId=36281, totalSlots=1000000000, cargoTypes=dryBulk
[19:01:55] [virtualContainers] INJECTED virtual container for vehId=36281, totalSlots=1000000000, cargoTypes=dryBulk
[19:01:56] [virtualContainers] INJECTED virtual container for vehId=36281, totalSlots=1000000000, cargoTypes=dryBulk
[19:01:57] [virtualContainers] INJECTED virtual container for vehId=36281, totalSlots=1000000000, cargoTypes=dryBulk
[19:01:58] [virtualContainers] INJECTED virtual container for vehId=36281, totalSlots=1000000000, cargoTypes=dryBulk
[19:01:59] [virtualContainers] INJECTED virtual container for vehId=36281, totalSlots=1000000000, cargoTypes=dryBulk
[19:02:00] [virtualContainers] INJECTED virtual container for vehId=36281, totalSlots=1000000000, cargoTypes=dryBulk
[19:02:00] [virtualContainers] INJECTED virtual container for vehId=36281, totalSlots=1000000000, cargoTypes=dryBulk
[19:02:07] [virtualContainers] re-entrancy detected, passing through to original
[19:02:07] [virtualContainers] INJECTED virtual container for vehId=36281, totalSlots=1000000000, cargoTypes=dryBulk
[19:02:07] [virtualContainers] INJECTED virtual container for vehId=36281, totalSlots=1000000000, cargoTypes=dryBulk
[19:03:44] [virtualContainers] INJECTED virtual container for vehId=36281, totalSlots=1000000000, cargoTypes=dryBulk
[19:03:45] [virtualContainers] INJECTED virtual container for vehId=36281, totalSlots=1000000000, cargoTypes=dryBulk
[19:05:43] [virtualContainers] file parsed
[19:06:15] [virtualContainers] wrapper HIT. total=20 playerHasReal=false
[19:06:15] [virtualContainers] INJECTED virtual container for vehId=36666, totalSlots=1000000000, cargoTypes=dryBulk
[19:06:15] [virtualContainers] injected 1 virtual container (player had none)
[19:06:16] [virtualContainers] INJECTED virtual container for vehId=36666, totalSlots=1000000000, cargoTypes=dryBulk
[19:06:16] [virtualContainers] INJECTED virtual container for vehId=36666, totalSlots=1000000000, cargoTypes=dryBulk
[19:06:17] [virtualContainers] INJECTED virtual container for vehId=36210, totalSlots=1000000000, cargoTypes=dryBulk
[19:06:17] [virtualContainers] injected 1 virtual container (player had none)
[19:06:19] [virtualContainers] INJECTED virtual container for vehId=36281, totalSlots=1000000000, cargoTypes=dryBulk
[19:06:19] [virtualContainers] injected 1 virtual container (player had none)
[19:06:20] [virtualContainers] INJECTED virtual container for vehId=36281, totalSlots=1000000000, cargoTypes=dryBulk
[19:06:21] [virtualContainers] INJECTED virtual container for vehId=36281, totalSlots=1000000000, cargoTypes=dryBulk
[19:06:22] [virtualContainers] INJECTED virtual container for vehId=36281, totalSlots=1000000000, cargoTypes=dryBulk
[19:06:23] [virtualContainers] INJECTED virtual container for vehId=36281, totalSlots=1000000000, cargoTypes=dryBulk
[19:06:24] [virtualContainers] INJECTED virtual container for vehId=36281, totalSlots=1000000000, cargoTypes=dryBulk
[19:06:25] [virtualContainers] INJECTED virtual container for vehId=36281, totalSlots=1000000000, cargoTypes=dryBulk
[19:06:26] [virtualContainers] INJECTED virtual container for vehId=36281, totalSlots=1000000000, cargoTypes=dryBulk
[19:06:27] [virtualContainers] INJECTED virtual container for vehId=36281, totalSlots=1000000000, cargoTypes=dryBulk
[19:06:28] [virtualContainers] INJECTED virtual container for vehId=36281, totalSlots=1000000000, cargoTypes=dryBulk
[19:06:29] [virtualContainers] INJECTED virtual container for vehId=36281, totalSlots=1000000000, cargoTypes=dryBulk
[19:06:30] [virtualContainers] INJECTED virtual container for vehId=36281, totalSlots=1000000000, cargoTypes=dryBulk
[19:06:31] [virtualContainers] INJECTED virtual container for vehId=36281, totalSlots=1000000000, cargoTypes=dryBulk
[19:06:32] [virtualContainers] INJECTED virtual container for vehId=36281, totalSlots=1000000000, cargoTypes=dryBulk
[19:06:33] [virtualContainers] INJECTED virtual container for vehId=36281, totalSlots=1000000000, cargoTypes=dryBulk
[19:06:34] [virtualContainers] INJECTED virtual container for vehId=36281, totalSlots=1000000000, cargoTypes=dryBulk
[19:06:35] [virtualContainers] INJECTED virtual container for vehId=36281, totalSlots=1000000000, cargoTypes=dryBulk
[19:06:36] [virtualContainers] INJECTED virtual container for vehId=36281, totalSlots=1000000000, cargoTypes=dryBulk
[19:06:37] [virtualContainers] INJECTED virtual container for vehId=36281, totalSlots=1000000000, cargoTypes=dryBulk
[19:06:37] [virtualContainers] INJECTED virtual container for vehId=36281, totalSlots=1000000000, cargoTypes=dryBulk
[19:06:44] [virtualContainers] re-entrancy detected, passing through to original
[19:06:44] [virtualContainers] INJECTED virtual container for vehId=36281, totalSlots=1000000000, cargoTypes=dryBulk
[19:06:44] [virtualContainers] INJECTED virtual container for vehId=36281, totalSlots=1000000000, cargoTypes=dryBulk
[19:07:45] [virtualContainers] INJECTED virtual container for vehId=36281, totalSlots=1000000000, cargoTypes=dryBulk
[19:18:44] [virtualContainers] file parsed
[19:19:16] [virtualContainers] wrapper HIT. total=20 playerHasReal=false
[19:19:16] [virtualContainers] INJECTED virtual container for vehId=36666, totalSlots=1000000000, cargoTypes=dryBulk
[19:19:16] [virtualContainers] injected 1 virtual container (player had none)
[19:19:17] [virtualContainers] INJECTED virtual container for vehId=36666, totalSlots=1000000000, cargoTypes=dryBulk
[19:19:17] [virtualContainers] INJECTED virtual container for vehId=32881, totalSlots=1000000000, cargoTypes=dryBulk
[19:19:17] [virtualContainers] injected 1 virtual container (player had none)
[19:19:18] [virtualContainers] INJECTED virtual container for vehId=36210, totalSlots=1000000000, cargoTypes=dryBulk
[19:19:18] [virtualContainers] injected 1 virtual container (player had none)
[19:19:19] [virtualContainers] INJECTED virtual container for vehId=36281, totalSlots=1000000000, cargoTypes=dryBulk
[19:19:19] [virtualContainers] injected 1 virtual container (player had none)
[19:19:20] [virtualContainers] INJECTED virtual container for vehId=36281, totalSlots=1000000000, cargoTypes=dryBulk
[19:19:21] [virtualContainers] INJECTED virtual container for vehId=36281, totalSlots=1000000000, cargoTypes=dryBulk
[19:19:22] [virtualContainers] INJECTED virtual container for vehId=36281, totalSlots=1000000000, cargoTypes=dryBulk
[19:19:23] [virtualContainers] INJECTED virtual container for vehId=36281, totalSlots=1000000000, cargoTypes=dryBulk
[19:19:24] [virtualContainers] INJECTED virtual container for vehId=36281, totalSlots=1000000000, cargoTypes=dryBulk
[19:19:25] [virtualContainers] INJECTED virtual container for vehId=36281, totalSlots=1000000000, cargoTypes=dryBulk
[19:19:26] [virtualContainers] INJECTED virtual container for vehId=36281, totalSlots=1000000000, cargoTypes=dryBulk
[19:19:27] [virtualContainers] INJECTED virtual container for vehId=36281, totalSlots=1000000000, cargoTypes=dryBulk
[19:19:28] [virtualContainers] INJECTED virtual container for vehId=36281, totalSlots=1000000000, cargoTypes=dryBulk
[19:19:29] [virtualContainers] INJECTED virtual container for vehId=36281, totalSlots=1000000000, cargoTypes=dryBulk
[19:19:30] [virtualContainers] INJECTED virtual container for vehId=36281, totalSlots=1000000000, cargoTypes=dryBulk
[19:19:31] [virtualContainers] INJECTED virtual container for vehId=36281, totalSlots=1000000000, cargoTypes=dryBulk
[19:19:32] [virtualContainers] INJECTED virtual container for vehId=36281, totalSlots=1000000000, cargoTypes=dryBulk
[19:19:34] [virtualContainers] INJECTED virtual container for vehId=36281, totalSlots=1000000000, cargoTypes=dryBulk
[19:19:35] [virtualContainers] INJECTED virtual container for vehId=36281, totalSlots=1000000000, cargoTypes=dryBulk
[19:19:36] [virtualContainers] INJECTED virtual container for vehId=36281, totalSlots=1000000000, cargoTypes=dryBulk
[19:19:37] [virtualContainers] INJECTED virtual container for vehId=36281, totalSlots=1000000000, cargoTypes=dryBulk
[19:19:38] [virtualContainers] INJECTED virtual container for vehId=36281, totalSlots=1000000000, cargoTypes=dryBulk
[19:19:39] [virtualContainers] INJECTED virtual container for vehId=36281, totalSlots=1000000000, cargoTypes=dryBulk
[19:19:39] [virtualContainers] INJECTED virtual container for vehId=36281, totalSlots=1000000000, cargoTypes=dryBulk
[19:19:44] [virtualContainers] re-entrancy detected, passing through to original
[19:19:44] [virtualContainers] INJECTED virtual container for vehId=36281, totalSlots=1000000000, cargoTypes=dryBulk
[19:19:44] [virtualContainers] INJECTED virtual container for vehId=36281, totalSlots=1000000000, cargoTypes=dryBulk
[19:23:13] [virtualContainers] INJECTED virtual container for vehId=36281, totalSlots=1000000000, cargoTypes=dryBulk
[19:23:14] [virtualContainers] INJECTED virtual container for vehId=36281, totalSlots=1000000000, cargoTypes=dryBulk
[19:23:15] [virtualContainers] INJECTED virtual container for vehId=36281, totalSlots=1000000000, cargoTypes=dryBulk
[19:25:43] [virtualContainers] file parsed
[19:26:16] [virtualContainers] Immediate synth container vehId=36670
[19:26:16] [virtualContainers] Async refresh kept virtual container for vehId=36670
[19:26:17] [virtualContainers] Returning cached containers immediately
[19:26:17] [virtualContainers] Returning cached containers immediately
[19:26:18] [virtualContainers] Returning cached containers immediately
[19:26:19] [virtualContainers] Returning cached containers immediately
[19:26:20] [virtualContainers] Returning cached containers immediately
[19:26:21] [virtualContainers] Returning cached containers immediately
[19:26:22] [virtualContainers] Returning cached containers immediately
[19:26:23] [virtualContainers] Returning cached containers immediately
[19:26:24] [virtualContainers] Returning cached containers immediately
[19:26:25] [virtualContainers] Returning cached containers immediately
[19:26:26] [virtualContainers] Returning cached containers immediately
[19:26:27] [virtualContainers] Returning cached containers immediately
[19:26:28] [virtualContainers] Returning cached containers immediately
[19:26:29] [virtualContainers] Returning cached containers immediately
[19:26:30] [virtualContainers] Returning cached containers immediately
[19:26:31] [virtualContainers] Returning cached containers immediately
[19:26:32] [virtualContainers] Returning cached containers immediately
[19:26:33] [virtualContainers] Returning cached containers immediately
[19:26:35] [virtualContainers] Returning cached containers immediately
[19:26:36] [virtualContainers] Returning cached containers immediately
[19:26:37] [virtualContainers] Returning cached containers immediately
[19:26:38] [virtualContainers] Returning cached containers immediately
[19:26:38] [virtualContainers] Returning cached containers immediately
[19:26:44] [virtualContainers] Returning cached containers immediately
[19:26:44] [virtualContainers] Returning cached containers immediately
[19:26:44] [virtualContainers] Returning cached containers immediately
[19:27:32] [virtualContainers] Returning cached containers immediately
[19:27:33] [virtualContainers] Returning cached containers immediately
[19:27:34] [virtualContainers] Returning cached containers immediately
[19:27:35] [virtualContainers] Returning cached containers immediately
[19:27:36] [virtualContainers] Returning cached containers immediately
[19:27:37] [virtualContainers] Returning cached containers immediately
[19:27:38] [virtualContainers] Returning cached containers immediately
[19:27:39] [virtualContainers] Returning cached containers immediately
[19:27:40] [virtualContainers] Returning cached containers immediately
[19:27:41] [virtualContainers] Returning cached containers immediately
[19:27:42] [virtualContainers] Returning cached containers immediately
[19:27:43] [virtualContainers] Returning cached containers immediately
[19:27:44] [virtualContainers] Returning cached containers immediately
[19:27:45] [virtualContainers] Returning cached containers immediately
[19:27:46] [virtualContainers] Returning cached containers immediately
[19:27:47] [virtualContainers] Returning cached containers immediately
[19:27:48] [virtualContainers] Returning cached containers immediately
[19:27:49] [virtualContainers] Returning cached containers immediately
[19:27:50] [virtualContainers] Returning cached containers immediately
[19:27:51] [virtualContainers] Returning cached containers immediately
[19:27:51] [virtualContainers] Returning cached containers immediately
[19:27:51] [virtualContainers] Returning cached containers immediately
[19:27:58] [virtualContainers] Returning cached containers immediately
[19:27:58] [virtualContainers] Returning cached containers immediately
[19:27:58] [virtualContainers] Returning cached containers immediately
[19:28:05] [virtualContainers] Returning cached containers immediately
[19:28:06] [virtualContainers] Returning cached containers immediately
[19:28:07] [virtualContainers] Returning cached containers immediately
[19:28:08] [virtualContainers] Returning cached containers immediately
[19:28:09] [virtualContainers] Returning cached containers immediately
[19:28:10] [virtualContainers] Returning cached containers immediately
[19:28:11] [virtualContainers] Returning cached containers immediately
[19:28:12] [virtualContainers] Returning cached containers immediately
[19:28:13] [virtualContainers] Returning cached containers immediately
[19:28:14] [virtualContainers] Returning cached containers immediately
[19:28:15] [virtualContainers] Returning cached containers immediately
[19:28:16] [virtualContainers] Returning cached containers immediately
[19:28:17] [virtualContainers] Returning cached containers immediately
[19:28:18] [virtualContainers] Returning cached containers immediately
[19:28:19] [virtualContainers] Returning cached containers immediately
[19:28:20] [virtualContainers] Returning cached containers immediately
[19:28:21] [virtualContainers] Returning cached containers immediately
[19:28:22] [virtualContainers] Returning cached containers immediately
[19:28:23] [virtualContainers] Returning cached containers immediately
[19:28:24] [virtualContainers] Returning cached containers immediately
[19:28:25] [virtualContainers] Returning cached containers immediately
[19:28:26] [virtualContainers] Returning cached containers immediately
[19:28:26] [virtualContainers] Returning cached containers immediately
[19:28:55] [virtualContainers] Returning cached containers immediately
[19:28:56] [virtualContainers] Returning cached containers immediately
[19:28:57] [virtualContainers] Returning cached containers immediately
[19:28:58] [virtualContainers] Returning cached containers immediately
[19:28:59] [virtualContainers] Returning cached containers immediately
[19:29:00] [virtualContainers] Returning cached containers immediately
[19:29:01] [virtualContainers] Returning cached containers immediately
[19:29:02] [virtualContainers] Returning cached containers immediately
[19:29:03] [virtualContainers] Returning cached containers immediately
[19:29:04] [virtualContainers] Returning cached containers immediately
[19:29:05] [virtualContainers] Returning cached containers immediately
[19:29:06] [virtualContainers] Returning cached containers immediately
[19:29:07] [virtualContainers] Returning cached containers immediately
[19:29:08] [virtualContainers] Returning cached containers immediately
[19:29:09] [virtualContainers] Returning cached containers immediately
[19:29:10] [virtualContainers] Returning cached containers immediately
[19:29:11] [virtualContainers] Returning cached containers immediately
[19:29:12] [virtualContainers] Returning cached containers immediately
[19:29:13] [virtualContainers] Returning cached containers immediately
[19:29:14] [virtualContainers] Returning cached containers immediately
[19:29:15] [virtualContainers] Returning cached containers immediately
[19:29:16] [virtualContainers] Returning cached containers immediately
[19:29:17] [virtualContainers] Returning cached containers immediately
[19:29:18] [virtualContainers] Returning cached containers immediately
[19:29:19] [virtualContainers] Returning cached containers immediately
[19:29:20] [virtualContainers] Returning cached containers immediately
[19:29:21] [virtualContainers] Returning cached containers immediately
[19:29:22] [virtualContainers] Returning cached containers immediately
[19:29:23] [virtualContainers] Returning cached containers immediately
[19:29:24] [virtualContainers] Returning cached containers immediately
[19:29:25] [virtualContainers] Returning cached containers immediately
[19:29:26] [virtualContainers] Returning cached containers immediately
[19:29:27] [virtualContainers] Returning cached containers immediately
[19:29:28] [virtualContainers] Returning cached containers immediately
[19:29:29] [virtualContainers] Returning cached containers immediately
[19:29:30] [virtualContainers] Returning cached containers immediately
[19:29:31] [virtualContainers] Returning cached containers immediately
[19:29:32] [virtualContainers] Returning cached containers immediately
[19:29:33] [virtualContainers] Returning cached containers immediately
[19:29:34] [virtualContainers] Returning cached containers immediately
[19:29:35] [virtualContainers] Returning cached containers immediately
[19:29:36] [virtualContainers] Returning cached containers immediately
[19:29:37] [virtualContainers] Returning cached containers immediately
[19:29:38] [virtualContainers] Returning cached containers immediately
[19:29:39] [virtualContainers] Returning cached containers immediately
[19:29:40] [virtualContainers] Returning cached containers immediately
[19:29:41] [virtualContainers] Returning cached containers immediately
[19:29:42] [virtualContainers] Returning cached containers immediately
[19:29:43] [virtualContainers] Returning cached containers immediately
[19:29:44] [virtualContainers] Returning cached containers immediately
[19:29:45] [virtualContainers] Returning cached containers immediately
[19:29:46] [virtualContainers] Returning cached containers immediately
[19:29:47] [virtualContainers] Returning cached containers immediately
[19:29:49] [virtualContainers] Returning cached containers immediately
[19:29:50] [virtualContainers] Returning cached containers immediately
[19:29:50] [virtualContainers] Returning cached containers immediately
[19:29:51] [virtualContainers] Returning cached containers immediately
[19:29:52] [virtualContainers] Returning cached containers immediately
[19:29:53] [virtualContainers] Returning cached containers immediately
[19:29:54] [virtualContainers] Returning cached containers immediately
[19:29:55] [virtualContainers] Returning cached containers immediately
[19:29:56] [virtualContainers] Returning cached containers immediately
[19:29:57] [virtualContainers] Returning cached containers immediately
[19:29:58] [virtualContainers] Returning cached containers immediately
[19:29:59] [virtualContainers] Returning cached containers immediately
[19:30:00] [virtualContainers] Returning cached containers immediately
[19:30:01] [virtualContainers] Returning cached containers immediately
[19:30:02] [virtualContainers] Returning cached containers immediately
[19:30:04] [virtualContainers] Returning cached containers immediately
[19:30:05] [virtualContainers] Returning cached containers immediately
[19:30:06] [virtualContainers] Returning cached containers immediately
[19:30:07] [virtualContainers] Returning cached containers immediately
[19:30:08] [virtualContainers] Returning cached containers immediately
[19:30:09] [virtualContainers] Returning cached containers immediately
[19:30:10] [virtualContainers] Returning cached containers immediately
[19:30:11] [virtualContainers] Returning cached containers immediately
[19:30:12] [virtualContainers] Returning cached containers immediately
[19:30:13] [virtualContainers] Returning cached containers immediately
[19:30:14] [virtualContainers] Returning cached containers immediately
[19:30:15] [virtualContainers] Returning cached containers immediately
[19:30:16] [virtualContainers] Returning cached containers immediately
[19:30:17] [virtualContainers] Returning cached containers immediately
[19:30:18] [virtualContainers] Returning cached containers immediately
[19:30:19] [virtualContainers] Returning cached containers immediately
[19:30:20] [virtualContainers] Returning cached containers immediately
[19:30:21] [virtualContainers] Returning cached containers immediately
[19:30:22] [virtualContainers] Returning cached containers immediately
[19:30:23] [virtualContainers] Returning cached containers immediately
[19:30:24] [virtualContainers] Returning cached containers immediately
[19:30:25] [virtualContainers] Returning cached containers immediately
[19:30:26] [virtualContainers] Returning cached containers immediately
[19:30:27] [virtualContainers] Returning cached containers immediately
[19:30:28] [virtualContainers] Returning cached containers immediately
[19:30:29] [virtualContainers] Returning cached containers immediately
[19:30:30] [virtualContainers] Returning cached containers immediately
[19:30:31] [virtualContainers] Returning cached containers immediately
[19:30:32] [virtualContainers] Returning cached containers immediately
[19:30:33] [virtualContainers] Returning cached containers immediately
[19:30:34] [virtualContainers] Returning cached containers immediately
[19:30:35] [virtualContainers] Returning cached containers immediately
[19:30:36] [virtualContainers] Returning cached containers immediately
[19:30:37] [virtualContainers] Returning cached containers immediately
[19:30:38] [virtualContainers] Returning cached containers immediately
[19:30:39] [virtualContainers] Returning cached containers immediately
[19:30:40] [virtualContainers] Returning cached containers immediately
[19:30:41] [virtualContainers] Returning cached containers immediately
[19:30:42] [virtualContainers] Returning cached containers immediately
[19:30:43] [virtualContainers] Returning cached containers immediately
[19:30:44] [virtualContainers] Returning cached containers immediately
[19:30:45] [virtualContainers] Returning cached containers immediately
[19:30:46] [virtualContainers] Returning cached containers immediately
[19:30:47] [virtualContainers] Returning cached containers immediately
[19:30:48] [virtualContainers] Returning cached containers immediately
[19:30:49] [virtualContainers] Returning cached containers immediately
[19:30:50] [virtualContainers] Returning cached containers immediately
[19:30:51] [virtualContainers] Returning cached containers immediately
[19:30:52] [virtualContainers] Returning cached containers immediately
[19:30:53] [virtualContainers] Returning cached containers immediately
[19:30:54] [virtualContainers] Returning cached containers immediately
[19:30:55] [virtualContainers] Returning cached containers immediately
[19:30:56] [virtualContainers] Returning cached containers immediately
[19:30:57] [virtualContainers] Returning cached containers immediately
[19:30:58] [virtualContainers] Returning cached containers immediately
[19:30:59] [virtualContainers] Returning cached containers immediately
[19:31:00] [virtualContainers] Returning cached containers immediately
[19:31:01] [virtualContainers] Returning cached containers immediately
[19:31:02] [virtualContainers] Returning cached containers immediately
[19:31:03] [virtualContainers] Returning cached containers immediately
[19:31:04] [virtualContainers] Returning cached containers immediately
[19:31:05] [virtualContainers] Returning cached containers immediately
[19:31:06] [virtualContainers] Returning cached containers immediately
[19:31:07] [virtualContainers] Returning cached containers immediately
[19:31:08] [virtualContainers] Returning cached containers immediately
[19:31:09] [virtualContainers] Returning cached containers immediately
[19:31:10] [virtualContainers] Returning cached containers immediately
[19:31:11] [virtualContainers] Returning cached containers immediately
[19:31:12] [virtualContainers] Returning cached containers immediately
[19:31:13] [virtualContainers] Returning cached containers immediately
[19:31:14] [virtualContainers] Returning cached containers immediately
[19:31:15] [virtualContainers] Returning cached containers immediately
[19:31:16] [virtualContainers] Returning cached containers immediately
[19:31:17] [virtualContainers] Returning cached containers immediately
[19:31:18] [virtualContainers] Returning cached containers immediately
[19:31:19] [virtualContainers] Returning cached containers immediately
[19:31:20] [virtualContainers] Returning cached containers immediately
[19:31:21] [virtualContainers] Returning cached containers immediately
[19:31:22] [virtualContainers] Returning cached containers immediately
[19:31:23] [virtualContainers] Returning cached containers immediately
[19:31:24] [virtualContainers] Returning cached containers immediately
[19:31:25] [virtualContainers] Returning cached containers immediately
[19:31:26] [virtualContainers] Returning cached containers immediately
[19:31:27] [virtualContainers] Returning cached containers immediately
[19:31:28] [virtualContainers] Returning cached containers immediately
[19:31:29] [virtualContainers] Returning cached containers immediately
[19:31:30] [virtualContainers] Returning cached containers immediately
[19:31:31] [virtualContainers] Returning cached containers immediately
[19:31:32] [virtualContainers] Returning cached containers immediately
[19:31:33] [virtualContainers] Returning cached containers immediately
[19:31:34] [virtualContainers] Returning cached containers immediately
[19:31:35] [virtualContainers] Returning cached containers immediately
[19:31:36] [virtualContainers] Returning cached containers immediately
[19:31:37] [virtualContainers] Returning cached containers immediately
[19:31:38] [virtualContainers] Returning cached containers immediately
[19:31:39] [virtualContainers] Returning cached containers immediately
[19:31:40] [virtualContainers] Returning cached containers immediately
[19:31:41] [virtualContainers] Returning cached containers immediately
[19:31:42] [virtualContainers] Returning cached containers immediately
[19:31:43] [virtualContainers] Returning cached containers immediately
[19:31:44] [virtualContainers] Returning cached containers immediately
[19:31:45] [virtualContainers] Returning cached containers immediately
[19:31:46] [virtualContainers] Returning cached containers immediately
[19:31:47] [virtualContainers] Returning cached containers immediately
[19:31:48] [virtualContainers] Returning cached containers immediately
[19:31:49] [virtualContainers] Returning cached containers immediately
[19:31:50] [virtualContainers] Returning cached containers immediately
[19:31:51] [virtualContainers] Returning cached containers immediately
[19:31:52] [virtualContainers] Returning cached containers immediately
[19:31:53] [virtualContainers] Returning cached containers immediately
[19:31:54] [virtualContainers] Returning cached containers immediately
[19:31:55] [virtualContainers] Returning cached containers immediately
[19:31:56] [virtualContainers] Returning cached containers immediately
[19:31:57] [virtualContainers] Returning cached containers immediately
[19:31:58] [virtualContainers] Returning cached containers immediately
[19:31:59] [virtualContainers] Returning cached containers immediately
[19:32:00] [virtualContainers] Returning cached containers immediately
[19:32:01] [virtualContainers] Returning cached containers immediately
[19:32:02] [virtualContainers] Returning cached containers immediately
[19:32:03] [virtualContainers] Returning cached containers immediately
[19:32:04] [virtualContainers] Returning cached containers immediately
[19:32:05] [virtualContainers] Returning cached containers immediately
[19:32:06] [virtualContainers] Returning cached containers immediately
[19:32:07] [virtualContainers] Returning cached containers immediately
[19:32:08] [virtualContainers] Returning cached containers immediately
[19:32:09] [virtualContainers] Returning cached containers immediately
[19:32:10] [virtualContainers] Returning cached containers immediately
[19:32:11] [virtualContainers] Returning cached containers immediately
[19:32:12] [virtualContainers] Returning cached containers immediately
[19:32:13] [virtualContainers] Returning cached containers immediately
[19:32:14] [virtualContainers] Returning cached containers immediately
[19:32:15] [virtualContainers] Returning cached containers immediately
[19:32:16] [virtualContainers] Returning cached containers immediately
[19:32:17] [virtualContainers] Returning cached containers immediately
[19:32:18] [virtualContainers] Returning cached containers immediately
[19:32:19] [virtualContainers] Returning cached containers immediately
[19:32:20] [virtualContainers] Returning cached containers immediately
[19:32:21] [virtualContainers] Returning cached containers immediately
[19:32:22] [virtualContainers] Returning cached containers immediately
[19:32:23] [virtualContainers] Returning cached containers immediately
[19:32:24] [virtualContainers] Returning cached containers immediately
[19:32:25] [virtualContainers] Returning cached containers immediately
[19:32:26] [virtualContainers] Returning cached containers immediately
[19:32:27] [virtualContainers] Returning cached containers immediately
[19:32:28] [virtualContainers] Returning cached containers immediately
[19:32:29] [virtualContainers] Returning cached containers immediately
[19:32:30] [virtualContainers] Returning cached containers immediately
[19:32:31] [virtualContainers] Returning cached containers immediately
[19:32:32] [virtualContainers] Returning cached containers immediately
[19:32:33] [virtualContainers] Returning cached containers immediately
[19:32:34] [virtualContainers] Returning cached containers immediately
[19:32:35] [virtualContainers] Returning cached containers immediately
[19:32:36] [virtualContainers] Returning cached containers immediately
[19:32:37] [virtualContainers] Returning cached containers immediately
[19:32:38] [virtualContainers] Returning cached containers immediately
[19:32:39] [virtualContainers] Returning cached containers immediately
[19:32:40] [virtualContainers] Returning cached containers immediately
[19:32:41] [virtualContainers] Returning cached containers immediately
[19:32:42] [virtualContainers] Returning cached containers immediately
[19:32:43] [virtualContainers] Returning cached containers immediately
[19:32:44] [virtualContainers] Returning cached containers immediately
[19:32:45] [virtualContainers] Returning cached containers immediately
[19:32:46] [virtualContainers] Returning cached containers immediately
[19:32:47] [virtualContainers] Returning cached containers immediately
[19:32:48] [virtualContainers] Returning cached containers immediately
[19:32:49] [virtualContainers] Returning cached containers immediately
[19:32:50] [virtualContainers] Returning cached containers immediately
[19:32:51] [virtualContainers] Returning cached containers immediately
[19:32:52] [virtualContainers] Returning cached containers immediately
[19:32:53] [virtualContainers] Returning cached containers immediately
[19:32:54] [virtualContainers] Returning cached containers immediately
[19:32:55] [virtualContainers] Returning cached containers immediately
[19:32:56] [virtualContainers] Returning cached containers immediately
[19:32:57] [virtualContainers] Returning cached containers immediately
[19:32:58] [virtualContainers] Returning cached containers immediately
[19:32:59] [virtualContainers] Returning cached containers immediately
[19:33:00] [virtualContainers] Returning cached containers immediately
[19:33:01] [virtualContainers] Returning cached containers immediately
[19:33:02] [virtualContainers] Returning cached containers immediately
[19:33:03] [virtualContainers] Returning cached containers immediately
[19:33:04] [virtualContainers] Returning cached containers immediately
[19:33:05] [virtualContainers] Returning cached containers immediately
[19:33:06] [virtualContainers] Returning cached containers immediately
[19:33:07] [virtualContainers] Returning cached containers immediately
[19:33:08] [virtualContainers] Returning cached containers immediately
[19:33:09] [virtualContainers] Returning cached containers immediately
[19:33:10] [virtualContainers] Returning cached containers immediately
[19:33:11] [virtualContainers] Returning cached containers immediately
[19:33:12] [virtualContainers] Returning cached containers immediately
[19:33:13] [virtualContainers] Returning cached containers immediately
[19:33:14] [virtualContainers] Returning cached containers immediately
[19:33:15] [virtualContainers] Returning cached containers immediately
[19:33:16] [virtualContainers] Returning cached containers immediately
[19:33:17] [virtualContainers] Returning cached containers immediately
[19:33:18] [virtualContainers] Returning cached containers immediately
[19:33:19] [virtualContainers] Returning cached containers immediately
[19:33:20] [virtualContainers] Returning cached containers immediately
[19:33:21] [virtualContainers] Returning cached containers immediately
[19:33:22] [virtualContainers] Returning cached containers immediately
[19:33:23] [virtualContainers] Returning cached containers immediately
[19:33:24] [virtualContainers] Returning cached containers immediately
[19:33:25] [virtualContainers] Returning cached containers immediately
[19:33:26] [virtualContainers] Returning cached containers immediately
[19:33:27] [virtualContainers] Returning cached containers immediately
[19:33:28] [virtualContainers] Returning cached containers immediately
[19:33:29] [virtualContainers] Returning cached containers immediately
[19:33:30] [virtualContainers] Returning cached containers immediately
[19:33:31] [virtualContainers] Returning cached containers immediately
[19:33:32] [virtualContainers] Returning cached containers immediately
[19:33:33] [virtualContainers] Returning cached containers immediately
[19:33:34] [virtualContainers] Returning cached containers immediately
[19:33:35] [virtualContainers] Returning cached containers immediately
[19:33:36] [virtualContainers] Returning cached containers immediately
[19:33:37] [virtualContainers] Returning cached containers immediately
[19:33:38] [virtualContainers] Returning cached containers immediately
[19:33:39] [virtualContainers] Returning cached containers immediately
[19:33:40] [virtualContainers] Returning cached containers immediately
[19:33:41] [virtualContainers] Returning cached containers immediately
[19:33:42] [virtualContainers] Returning cached containers immediately
[19:33:43] [virtualContainers] Returning cached containers immediately
[19:33:44] [virtualContainers] Returning cached containers immediately
[19:33:45] [virtualContainers] Returning cached containers immediately
[19:33:46] [virtualContainers] Returning cached containers immediately
[19:33:47] [virtualContainers] Returning cached containers immediately
[19:33:48] [virtualContainers] Returning cached containers immediately
[19:33:49] [virtualContainers] Returning cached containers immediately
[19:33:50] [virtualContainers] Returning cached containers immediately
[19:33:51] [virtualContainers] Returning cached containers immediately
[19:33:52] [virtualContainers] Returning cached containers immediately
[19:33:53] [virtualContainers] Returning cached containers immediately
[19:33:54] [virtualContainers] Returning cached containers immediately
[19:33:55] [virtualContainers] Returning cached containers immediately
[19:33:56] [virtualContainers] Returning cached containers immediately
[19:33:57] [virtualContainers] Returning cached containers immediately
[19:33:58] [virtualContainers] Returning cached containers immediately
[19:33:59] [virtualContainers] Returning cached containers immediately
[19:34:00] [virtualContainers] Returning cached containers immediately
[19:34:01] [virtualContainers] Returning cached containers immediately
[19:34:02] [virtualContainers] Returning cached containers immediately
[19:34:03] [virtualContainers] Returning cached containers immediately
[19:34:04] [virtualContainers] Returning cached containers immediately
[19:34:05] [virtualContainers] Returning cached containers immediately
[19:34:06] [virtualContainers] Returning cached containers immediately
[19:34:07] [virtualContainers] Returning cached containers immediately
[19:34:08] [virtualContainers] Returning cached containers immediately
[19:34:09] [virtualContainers] Returning cached containers immediately
[19:34:10] [virtualContainers] Returning cached containers immediately
[19:34:11] [virtualContainers] Returning cached containers immediately
[19:34:12] [virtualContainers] Returning cached containers immediately
[19:34:13] [virtualContainers] Returning cached containers immediately
[19:34:14] [virtualContainers] Returning cached containers immediately
[19:34:15] [virtualContainers] Returning cached containers immediately
[19:34:16] [virtualContainers] Returning cached containers immediately
[19:34:17] [virtualContainers] Returning cached containers immediately
[19:34:18] [virtualContainers] Returning cached containers immediately
[19:34:19] [virtualContainers] Returning cached containers immediately
[19:34:20] [virtualContainers] Returning cached containers immediately
[19:34:21] [virtualContainers] Returning cached containers immediately
[19:34:22] [virtualContainers] Returning cached containers immediately
[19:34:23] [virtualContainers] Returning cached containers immediately
[19:34:24] [virtualContainers] Returning cached containers immediately
[19:34:25] [virtualContainers] Returning cached containers immediately
[19:34:26] [virtualContainers] Returning cached containers immediately
[19:34:27] [virtualContainers] Returning cached containers immediately
[19:34:28] [virtualContainers] Returning cached containers immediately
[19:34:29] [virtualContainers] Returning cached containers immediately
[19:34:30] [virtualContainers] Returning cached containers immediately
[19:34:31] [virtualContainers] Returning cached containers immediately
[19:34:32] [virtualContainers] Returning cached containers immediately
[19:34:33] [virtualContainers] Returning cached containers immediately
[19:34:34] [virtualContainers] Returning cached containers immediately
[19:34:35] [virtualContainers] Returning cached containers immediately
[19:34:36] [virtualContainers] Returning cached containers immediately
[19:34:37] [virtualContainers] Returning cached containers immediately
[19:34:38] [virtualContainers] Returning cached containers immediately
[19:34:39] [virtualContainers] Returning cached containers immediately
[19:34:40] [virtualContainers] Returning cached containers immediately
[19:34:41] [virtualContainers] Returning cached containers immediately
[19:34:42] [virtualContainers] Returning cached containers immediately
[19:34:43] [virtualContainers] Returning cached containers immediately
[19:34:44] [virtualContainers] Returning cached containers immediately
[19:34:45] [virtualContainers] Returning cached containers immediately
[19:34:46] [virtualContainers] Returning cached containers immediately
[19:34:47] [virtualContainers] Returning cached containers immediately
[19:34:48] [virtualContainers] Returning cached containers immediately
[19:34:49] [virtualContainers] Returning cached containers immediately
[19:34:50] [virtualContainers] Returning cached containers immediately
[19:34:51] [virtualContainers] Returning cached containers immediately
[19:34:52] [virtualContainers] Returning cached containers immediately
[19:34:53] [virtualContainers] Returning cached containers immediately
[19:34:54] [virtualContainers] Returning cached containers immediately
[19:34:55] [virtualContainers] Returning cached containers immediately
[19:34:56] [virtualContainers] Returning cached containers immediately
[19:34:57] [virtualContainers] Returning cached containers immediately
[19:34:58] [virtualContainers] Returning cached containers immediately
[19:34:59] [virtualContainers] Returning cached containers immediately
[19:35:00] [virtualContainers] Returning cached containers immediately
[19:35:01] [virtualContainers] Returning cached containers immediately
[19:35:02] [virtualContainers] Returning cached containers immediately
[19:35:03] [virtualContainers] Returning cached containers immediately
[19:35:04] [virtualContainers] Returning cached containers immediately
[19:35:05] [virtualContainers] Returning cached containers immediately
[19:35:06] [virtualContainers] Returning cached containers immediately
[19:35:07] [virtualContainers] Returning cached containers immediately
[19:35:08] [virtualContainers] Returning cached containers immediately
[19:35:09] [virtualContainers] Returning cached containers immediately
[19:35:10] [virtualContainers] Returning cached containers immediately
[19:35:11] [virtualContainers] Returning cached containers immediately
[19:35:12] [virtualContainers] Returning cached containers immediately
[19:35:13] [virtualContainers] Returning cached containers immediately
[19:35:14] [virtualContainers] Returning cached containers immediately
[19:35:15] [virtualContainers] Returning cached containers immediately
[19:35:16] [virtualContainers] Returning cached containers immediately
[19:35:17] [virtualContainers] Returning cached containers immediately
[19:35:18] [virtualContainers] Returning cached containers immediately
[19:35:19] [virtualContainers] Returning cached containers immediately
[19:35:20] [virtualContainers] Returning cached containers immediately
[19:35:21] [virtualContainers] Returning cached containers immediately
[19:35:22] [virtualContainers] Returning cached containers immediately
[19:35:23] [virtualContainers] Returning cached containers immediately
[19:35:24] [virtualContainers] Returning cached containers immediately
[19:35:25] [virtualContainers] Returning cached containers immediately
[19:35:26] [virtualContainers] Returning cached containers immediately
[19:35:27] [virtualContainers] Returning cached containers immediately
[19:35:28] [virtualContainers] Returning cached containers immediately
[19:35:29] [virtualContainers] Returning cached containers immediately
[19:35:30] [virtualContainers] Returning cached containers immediately
[19:35:31] [virtualContainers] Returning cached containers immediately
[19:35:32] [virtualContainers] Returning cached containers immediately
[19:35:33] [virtualContainers] Returning cached containers immediately
[19:35:34] [virtualContainers] Returning cached containers immediately
[19:35:35] [virtualContainers] Returning cached containers immediately
[19:35:36] [virtualContainers] Returning cached containers immediately
[19:35:37] [virtualContainers] Returning cached containers immediately
[19:35:38] [virtualContainers] Returning cached containers immediately
[19:35:39] [virtualContainers] Returning cached containers immediately
[19:35:40] [virtualContainers] Returning cached containers immediately
[19:35:41] [virtualContainers] Returning cached containers immediately
[19:35:42] [virtualContainers] Returning cached containers immediately
[19:35:43] [virtualContainers] Returning cached containers immediately
[19:35:44] [virtualContainers] Returning cached containers immediately
[19:35:45] [virtualContainers] Returning cached containers immediately
[19:35:46] [virtualContainers] Returning cached containers immediately
[19:35:47] [virtualContainers] Returning cached containers immediately
[19:35:48] [virtualContainers] Returning cached containers immediately
[19:35:49] [virtualContainers] Returning cached containers immediately
[19:35:50] [virtualContainers] Returning cached containers immediately
[19:35:51] [virtualContainers] Returning cached containers immediately
[19:35:52] [virtualContainers] Returning cached containers immediately
[19:35:53] [virtualContainers] Returning cached containers immediately
[19:35:54] [virtualContainers] Returning cached containers immediately
[19:35:55] [virtualContainers] Returning cached containers immediately
[19:35:56] [virtualContainers] Returning cached containers immediately
[19:35:57] [virtualContainers] Returning cached containers immediately
[19:35:58] [virtualContainers] Returning cached containers immediately
[19:35:59] [virtualContainers] Returning cached containers immediately
[19:36:00] [virtualContainers] Returning cached containers immediately
[19:36:01] [virtualContainers] Returning cached containers immediately
[19:36:02] [virtualContainers] Returning cached containers immediately
[19:36:03] [virtualContainers] Returning cached containers immediately
[19:36:04] [virtualContainers] Returning cached containers immediately
[19:36:05] [virtualContainers] Returning cached containers immediately
[19:36:06] [virtualContainers] Returning cached containers immediately
[19:36:07] [virtualContainers] Returning cached containers immediately
[19:36:08] [virtualContainers] Returning cached containers immediately
[19:36:09] [virtualContainers] Returning cached containers immediately
[19:36:10] [virtualContainers] Returning cached containers immediately
[19:36:11] [virtualContainers] Returning cached containers immediately
[19:36:12] [virtualContainers] Returning cached containers immediately
[19:36:13] [virtualContainers] Returning cached containers immediately
[19:36:14] [virtualContainers] Returning cached containers immediately
[19:36:15] [virtualContainers] Returning cached containers immediately
[19:36:16] [virtualContainers] Returning cached containers immediately
[19:36:17] [virtualContainers] Returning cached containers immediately
[19:36:18] [virtualContainers] Returning cached containers immediately
[19:36:19] [virtualContainers] Returning cached containers immediately
[19:36:20] [virtualContainers] Returning cached containers immediately
[19:36:21] [virtualContainers] Returning cached containers immediately
[19:36:22] [virtualContainers] Returning cached containers immediately
[19:36:23] [virtualContainers] Returning cached containers immediately
[19:36:24] [virtualContainers] Returning cached containers immediately
[19:36:25] [virtualContainers] Returning cached containers immediately
[19:36:26] [virtualContainers] Returning cached containers immediately
[19:36:27] [virtualContainers] Returning cached containers immediately
[19:36:28] [virtualContainers] Returning cached containers immediately
[19:36:29] [virtualContainers] Returning cached containers immediately
[19:36:30] [virtualContainers] Returning cached containers immediately
[19:36:31] [virtualContainers] Returning cached containers immediately
[19:36:32] [virtualContainers] Returning cached containers immediately
[19:36:33] [virtualContainers] Returning cached containers immediately
[19:36:34] [virtualContainers] Returning cached containers immediately
[19:36:35] [virtualContainers] Returning cached containers immediately
[19:36:36] [virtualContainers] Returning cached containers immediately
[19:36:37] [virtualContainers] Returning cached containers immediately
[19:36:38] [virtualContainers] Returning cached containers immediately
[19:36:39] [virtualContainers] Returning cached containers immediately
[19:36:40] [virtualContainers] Returning cached containers immediately
[19:36:41] [virtualContainers] Returning cached containers immediately
[19:36:42] [virtualContainers] Returning cached containers immediately
[19:36:43] [virtualContainers] Returning cached containers immediately
[19:36:44] [virtualContainers] Returning cached containers immediately
[19:36:45] [virtualContainers] Returning cached containers immediately
[19:36:46] [virtualContainers] Returning cached containers immediately
[19:36:47] [virtualContainers] Returning cached containers immediately
[19:36:48] [virtualContainers] Returning cached containers immediately
[19:36:49] [virtualContainers] Returning cached containers immediately
[19:36:50] [virtualContainers] Returning cached containers immediately
[19:36:51] [virtualContainers] Returning cached containers immediately
[19:36:52] [virtualContainers] Returning cached containers immediately
[19:36:53] [virtualContainers] Returning cached containers immediately
[19:36:54] [virtualContainers] Returning cached containers immediately
[19:36:55] [virtualContainers] Returning cached containers immediately
[19:36:56] [virtualContainers] Returning cached containers immediately
[19:36:57] [virtualContainers] Returning cached containers immediately
[19:36:58] [virtualContainers] Returning cached containers immediately
[19:36:59] [virtualContainers] Returning cached containers immediately
[19:37:00] [virtualContainers] Returning cached containers immediately
[19:37:01] [virtualContainers] Returning cached containers immediately
[19:37:02] [virtualContainers] Returning cached containers immediately
[19:37:03] [virtualContainers] Returning cached containers immediately
[19:37:04] [virtualContainers] Returning cached containers immediately
[19:37:05] [virtualContainers] Returning cached containers immediately
[19:37:06] [virtualContainers] Returning cached containers immediately
[19:37:07] [virtualContainers] Returning cached containers immediately
[19:37:08] [virtualContainers] Returning cached containers immediately
[19:37:09] [virtualContainers] Returning cached containers immediately
[19:37:10] [virtualContainers] Returning cached containers immediately
[19:37:11] [virtualContainers] Returning cached containers immediately
[19:37:12] [virtualContainers] Returning cached containers immediately
[19:37:13] [virtualContainers] Returning cached containers immediately
[19:37:14] [virtualContainers] Returning cached containers immediately
[19:37:15] [virtualContainers] Returning cached containers immediately
[19:37:16] [virtualContainers] Returning cached containers immediately
[19:37:17] [virtualContainers] Returning cached containers immediately
[19:37:18] [virtualContainers] Returning cached containers immediately
[19:37:19] [virtualContainers] Returning cached containers immediately
[19:37:20] [virtualContainers] Returning cached containers immediately
[19:37:21] [virtualContainers] Returning cached containers immediately
[19:37:22] [virtualContainers] Returning cached containers immediately
[19:37:23] [virtualContainers] Returning cached containers immediately
[19:37:24] [virtualContainers] Returning cached containers immediately
[19:37:25] [virtualContainers] Returning cached containers immediately
[19:37:26] [virtualContainers] Returning cached containers immediately
[19:37:27] [virtualContainers] Returning cached containers immediately
[19:37:28] [virtualContainers] Returning cached containers immediately
[19:37:29] [virtualContainers] Returning cached containers immediately
[19:37:30] [virtualContainers] Returning cached containers immediately
[19:37:31] [virtualContainers] Returning cached containers immediately
[19:37:32] [virtualContainers] Returning cached containers immediately
[19:37:33] [virtualContainers] Returning cached containers immediately
[19:37:34] [virtualContainers] Returning cached containers immediately
[19:37:35] [virtualContainers] Returning cached containers immediately
[19:37:36] [virtualContainers] Returning cached containers immediately
[19:37:37] [virtualContainers] Returning cached containers immediately
[19:37:38] [virtualContainers] Returning cached containers immediately
[19:37:39] [virtualContainers] Returning cached containers immediately
[19:37:40] [virtualContainers] Returning cached containers immediately
[19:37:41] [virtualContainers] Returning cached containers immediately
[19:37:42] [virtualContainers] Returning cached containers immediately
[19:37:43] [virtualContainers] Returning cached containers immediately
[19:37:44] [virtualContainers] Returning cached containers immediately
[19:37:45] [virtualContainers] Returning cached containers immediately
[19:37:46] [virtualContainers] Returning cached containers immediately
[19:37:47] [virtualContainers] Returning cached containers immediately
[19:37:48] [virtualContainers] Returning cached containers immediately
[19:37:49] [virtualContainers] Returning cached containers immediately
[19:37:50] [virtualContainers] Returning cached containers immediately
[19:37:51] [virtualContainers] Returning cached containers immediately
[19:37:52] [virtualContainers] Returning cached containers immediately
[19:37:53] [virtualContainers] Returning cached containers immediately
[19:37:54] [virtualContainers] Returning cached containers immediately
[19:37:55] [virtualContainers] Returning cached containers immediately
[19:37:56] [virtualContainers] Returning cached containers immediately
[19:37:57] [virtualContainers] Returning cached containers immediately
[19:37:58] [virtualContainers] Returning cached containers immediately
[19:37:59] [virtualContainers] Returning cached containers immediately
[19:38:00] [virtualContainers] Returning cached containers immediately
[19:38:01] [virtualContainers] Returning cached containers immediately
[19:38:02] [virtualContainers] Returning cached containers immediately
[19:38:03] [virtualContainers] Returning cached containers immediately
[19:38:04] [virtualContainers] Returning cached containers immediately
[19:38:05] [virtualContainers] Returning cached containers immediately
[19:38:06] [virtualContainers] Returning cached containers immediately
[19:38:07] [virtualContainers] Returning cached containers immediately
[19:38:08] [virtualContainers] Returning cached containers immediately
[19:38:09] [virtualContainers] Returning cached containers immediately
[19:38:10] [virtualContainers] Returning cached containers immediately
[19:38:11] [virtualContainers] Returning cached containers immediately
[19:38:12] [virtualContainers] Returning cached containers immediately
[19:38:13] [virtualContainers] Returning cached containers immediately
[19:38:14] [virtualContainers] Returning cached containers immediately
[19:38:15] [virtualContainers] Returning cached containers immediately
[19:38:16] [virtualContainers] Returning cached containers immediately
[19:38:17] [virtualContainers] Returning cached containers immediately
[19:38:18] [virtualContainers] Returning cached containers immediately
[19:38:19] [virtualContainers] Returning cached containers immediately
[19:38:20] [virtualContainers] Returning cached containers immediately
[19:38:21] [virtualContainers] Returning cached containers immediately
[19:38:22] [virtualContainers] Returning cached containers immediately
[19:38:23] [virtualContainers] Returning cached containers immediately
[19:38:24] [virtualContainers] Returning cached containers immediately
[19:38:25] [virtualContainers] Returning cached containers immediately
[19:38:26] [virtualContainers] Returning cached containers immediately
[19:38:27] [virtualContainers] Returning cached containers immediately
[19:38:28] [virtualContainers] Returning cached containers immediately
[19:38:29] [virtualContainers] Returning cached containers immediately
[19:38:30] [virtualContainers] Returning cached containers immediately
[19:38:31] [virtualContainers] Returning cached containers immediately
[19:38:32] [virtualContainers] Returning cached containers immediately
[19:38:33] [virtualContainers] Returning cached containers immediately
[19:38:34] [virtualContainers] Returning cached containers immediately
[19:38:35] [virtualContainers] Returning cached containers immediately
[19:38:36] [virtualContainers] Returning cached containers immediately
[19:38:37] [virtualContainers] Returning cached containers immediately
[19:38:38] [virtualContainers] Returning cached containers immediately
[19:38:39] [virtualContainers] Returning cached containers immediately
[19:38:40] [virtualContainers] Returning cached containers immediately
[19:38:41] [virtualContainers] Returning cached containers immediately
[19:38:42] [virtualContainers] Returning cached containers immediately
[19:38:43] [virtualContainers] Returning cached containers immediately
[19:38:44] [virtualContainers] Returning cached containers immediately
[19:38:45] [virtualContainers] Returning cached containers immediately
[19:38:46] [virtualContainers] Returning cached containers immediately
[19:38:47] [virtualContainers] Returning cached containers immediately
[19:38:48] [virtualContainers] Returning cached containers immediately
[19:38:49] [virtualContainers] Returning cached containers immediately
[19:38:50] [virtualContainers] Returning cached containers immediately
[19:38:51] [virtualContainers] Returning cached containers immediately
[19:38:52] [virtualContainers] Returning cached containers immediately
[19:38:53] [virtualContainers] Returning cached containers immediately
[19:38:54] [virtualContainers] Returning cached containers immediately
[19:38:55] [virtualContainers] Returning cached containers immediately
[19:38:56] [virtualContainers] Returning cached containers immediately
[19:38:57] [virtualContainers] Returning cached containers immediately
[19:38:58] [virtualContainers] Returning cached containers immediately
[19:38:59] [virtualContainers] Returning cached containers immediately
[19:39:00] [virtualContainers] Returning cached containers immediately
[19:39:01] [virtualContainers] Returning cached containers immediately
[19:39:02] [virtualContainers] Returning cached containers immediately
[19:39:03] [virtualContainers] Returning cached containers immediately
[19:39:04] [virtualContainers] Returning cached containers immediately
[19:39:05] [virtualContainers] Returning cached containers immediately
[19:39:06] [virtualContainers] Returning cached containers immediately
[19:39:07] [virtualContainers] Returning cached containers immediately
[19:39:08] [virtualContainers] Returning cached containers immediately
[19:39:09] [virtualContainers] Returning cached containers immediately
[19:39:10] [virtualContainers] Returning cached containers immediately
[19:39:11] [virtualContainers] Returning cached containers immediately
[19:39:12] [virtualContainers] Returning cached containers immediately
[19:39:13] [virtualContainers] Returning cached containers immediately
[19:39:14] [virtualContainers] Returning cached containers immediately
[19:39:15] [virtualContainers] Returning cached containers immediately
[19:39:16] [virtualContainers] Returning cached containers immediately
[19:39:17] [virtualContainers] Returning cached containers immediately
[19:39:18] [virtualContainers] Returning cached containers immediately
[19:39:19] [virtualContainers] Returning cached containers immediately
[19:39:20] [virtualContainers] Returning cached containers immediately
[19:39:21] [virtualContainers] Returning cached containers immediately
[19:39:22] [virtualContainers] Returning cached containers immediately
[19:39:23] [virtualContainers] Returning cached containers immediately
[19:39:24] [virtualContainers] Returning cached containers immediately
[19:39:25] [virtualContainers] Returning cached containers immediately
[19:39:26] [virtualContainers] Returning cached containers immediately
[19:39:27] [virtualContainers] Returning cached containers immediately
[19:39:28] [virtualContainers] Returning cached containers immediately
[19:39:29] [virtualContainers] Returning cached containers immediately
[19:39:30] [virtualContainers] Returning cached containers immediately
[19:39:31] [virtualContainers] Returning cached containers immediately
[19:39:32] [virtualContainers] Returning cached containers immediately
[19:39:33] [virtualContainers] Returning cached containers immediately
[19:39:34] [virtualContainers] Returning cached containers immediately
[19:39:35] [virtualContainers] Returning cached containers immediately
[19:39:36] [virtualContainers] Returning cached containers immediately
[19:39:37] [virtualContainers] Returning cached containers immediately
[19:39:38] [virtualContainers] Returning cached containers immediately
[19:39:39] [virtualContainers] Returning cached containers immediately
[19:39:40] [virtualContainers] Returning cached containers immediately
[19:39:41] [virtualContainers] Returning cached containers immediately
[19:43:45] [virtualContainers] file parsed
[19:44:18] [virtualContainers] Immediate synth container vehId=36666
[19:44:18] [virtualContainers] Async refresh kept virtual container for vehId=36666
[19:44:18] [virtualContainers] Returning cached containers immediately
[19:44:18] [virtualContainers] Returning cached containers immediately
[19:44:19] [virtualContainers] Returning cached containers immediately
[19:44:20] [virtualContainers] Returning cached containers immediately
[19:44:21] [virtualContainers] Returning cached containers immediately
[19:44:23] [virtualContainers] Returning cached containers immediately
[19:44:24] [virtualContainers] Returning cached containers immediately
[19:44:25] [virtualContainers] Returning cached containers immediately
[19:44:26] [virtualContainers] Returning cached containers immediately
[19:44:27] [virtualContainers] Returning cached containers immediately
[19:44:28] [virtualContainers] Returning cached containers immediately
[19:44:29] [virtualContainers] Returning cached containers immediately
[19:44:30] [virtualContainers] Returning cached containers immediately
[19:44:31] [virtualContainers] Returning cached containers immediately
[19:44:32] [virtualContainers] Returning cached containers immediately
[19:44:33] [virtualContainers] Returning cached containers immediately
[19:44:34] [virtualContainers] Returning cached containers immediately
[19:44:35] [virtualContainers] Returning cached containers immediately
[19:44:36] [virtualContainers] Returning cached containers immediately
[19:44:37] [virtualContainers] Returning cached containers immediately
[19:44:38] [virtualContainers] Returning cached containers immediately
[19:44:38] [virtualContainers] Returning cached containers immediately
[19:44:46] [virtualContainers] Returning cached containers immediately
[19:44:46] [virtualContainers] Returning cached containers immediately
[19:44:46] [virtualContainers] Returning cached containers immediately
[19:56:47] [virtualContainers] Returning cached containers immediately
[19:58:56] [virtualContainers] file parsed
[19:59:31] [virtualContainers] Immediate synth container vehId=36666
[19:59:31] [virtualContainers] Async refresh kept virtual container for vehId=36666
[19:59:31] [virtualContainers] Returning cached containers immediately
[19:59:32] [virtualContainers] Returning cached containers immediately
[19:59:32] [virtualContainers] Returning cached containers immediately
[19:59:33] [virtualContainers] Returning cached containers immediately
[19:59:34] [virtualContainers] Returning cached containers immediately
[19:59:35] [virtualContainers] Returning cached containers immediately
[19:59:36] [virtualContainers] Returning cached containers immediately
[19:59:37] [virtualContainers] Returning cached containers immediately
[19:59:39] [virtualContainers] Returning cached containers immediately
[19:59:40] [virtualContainers] Returning cached containers immediately
[19:59:41] [virtualContainers] Returning cached containers immediately
[19:59:42] [virtualContainers] Returning cached containers immediately
[19:59:43] [virtualContainers] Returning cached containers immediately
[19:59:44] [virtualContainers] Returning cached containers immediately
[19:59:45] [virtualContainers] Returning cached containers immediately
[19:59:46] [virtualContainers] Returning cached containers immediately
[19:59:47] [virtualContainers] Returning cached containers immediately
[19:59:48] [virtualContainers] Returning cached containers immediately
[19:59:49] [virtualContainers] Returning cached containers immediately
[19:59:50] [virtualContainers] Returning cached containers immediately
[19:59:51] [virtualContainers] Returning cached containers immediately
[19:59:52] [virtualContainers] Returning cached containers immediately
[19:59:53] [virtualContainers] Returning cached containers immediately
[19:59:54] [virtualContainers] Returning cached containers immediately
[19:59:56] [virtualContainers] Returning cached containers immediately
[19:59:57] [virtualContainers] Returning cached containers immediately
[19:59:57] [virtualContainers] Returning cached containers immediately
[19:59:57] [virtualContainers] Returning cached containers immediately
[20:00:05] [virtualContainers] Returning cached containers immediately
[20:00:05] [virtualContainers] Returning cached containers immediately
[20:00:05] [virtualContainers] Returning cached containers immediately
[20:03:43] [virtualContainers] Returning cached containers immediately
[20:08:14] [virtualContainers] file parsed
[20:08:46] [virtualContainers] Immediate synth container vehId=36665
[20:08:46] [virtualContainers] Async refresh kept virtual container for vehId=36665
[20:08:47] [virtualContainers] Returning cached containers immediately
[20:08:47] [virtualContainers] Returning cached containers immediately
[20:08:48] [virtualContainers] Returning cached containers immediately
[20:08:49] [virtualContainers] Returning cached containers immediately
[20:08:50] [virtualContainers] Returning cached containers immediately
[20:08:51] [virtualContainers] Returning cached containers immediately
[20:08:52] [virtualContainers] Returning cached containers immediately
[20:08:53] [virtualContainers] Returning cached containers immediately
[20:08:54] [virtualContainers] Returning cached containers immediately
[20:08:55] [virtualContainers] Returning cached containers immediately
[20:08:56] [virtualContainers] Returning cached containers immediately
[20:08:57] [virtualContainers] Returning cached containers immediately
[20:08:58] [virtualContainers] Returning cached containers immediately
[20:08:59] [virtualContainers] Returning cached containers immediately
[20:09:00] [virtualContainers] Returning cached containers immediately
[20:09:01] [virtualContainers] Returning cached containers immediately
[20:09:02] [virtualContainers] Returning cached containers immediately
[20:09:03] [virtualContainers] Returning cached containers immediately
[20:09:04] [virtualContainers] Returning cached containers immediately
[20:09:05] [virtualContainers] Returning cached containers immediately
[20:09:06] [virtualContainers] Returning cached containers immediately
[20:09:07] [virtualContainers] Returning cached containers immediately
[20:09:08] [virtualContainers] Returning cached containers immediately
[20:09:09] [virtualContainers] Returning cached containers immediately
[20:09:10] [virtualContainers] Returning cached containers immediately
[20:09:11] [virtualContainers] Returning cached containers immediately
[20:09:12] [virtualContainers] Returning cached containers immediately
[20:09:13] [virtualContainers] Returning cached containers immediately
[20:09:14] [virtualContainers] Returning cached containers immediately
[20:09:15] [virtualContainers] Returning cached containers immediately
[20:09:16] [virtualContainers] Returning cached containers immediately
[20:09:17] [virtualContainers] Returning cached containers immediately
[20:09:18] [virtualContainers] Returning cached containers immediately
[20:09:19] [virtualContainers] Returning cached containers immediately
[20:09:20] [virtualContainers] Returning cached containers immediately
[20:09:21] [virtualContainers] Returning cached containers immediately
[20:09:22] [virtualContainers] Returning cached containers immediately
[20:09:23] [virtualContainers] Returning cached containers immediately
[20:09:24] [virtualContainers] Returning cached containers immediately
[20:09:25] [virtualContainers] Returning cached containers immediately
[20:09:26] [virtualContainers] Returning cached containers immediately
[20:09:27] [virtualContainers] Returning cached containers immediately
[20:09:28] [virtualContainers] Returning cached containers immediately
[20:09:29] [virtualContainers] Returning cached containers immediately
[20:09:30] [virtualContainers] Returning cached containers immediately
[20:09:31] [virtualContainers] Returning cached containers immediately
[20:09:32] [virtualContainers] Returning cached containers immediately
[20:09:33] [virtualContainers] Returning cached containers immediately
[20:09:34] [virtualContainers] Returning cached containers immediately
[20:09:35] [virtualContainers] Returning cached containers immediately
[20:09:36] [virtualContainers] Returning cached containers immediately
[20:09:37] [virtualContainers] Returning cached containers immediately
[20:09:38] [virtualContainers] Returning cached containers immediately
[20:09:39] [virtualContainers] Returning cached containers immediately
[20:09:40] [virtualContainers] Returning cached containers immediately
[20:09:41] [virtualContainers] Returning cached containers immediately
[20:09:42] [virtualContainers] Returning cached containers immediately
[20:09:43] [virtualContainers] Returning cached containers immediately
[20:09:44] [virtualContainers] Returning cached containers immediately
[20:09:45] [virtualContainers] Returning cached containers immediately
[20:09:46] [virtualContainers] Returning cached containers immediately
[20:09:47] [virtualContainers] Returning cached containers immediately
[20:09:48] [virtualContainers] Returning cached containers immediately
[20:09:49] [virtualContainers] Returning cached containers immediately
[20:09:50] [virtualContainers] Returning cached containers immediately
[20:09:51] [virtualContainers] Returning cached containers immediately
[20:09:52] [virtualContainers] Returning cached containers immediately
[20:09:53] [virtualContainers] Returning cached containers immediately
[20:09:54] [virtualContainers] Returning cached containers immediately
[20:09:55] [virtualContainers] Returning cached containers immediately
[20:09:56] [virtualContainers] Returning cached containers immediately
[20:09:57] [virtualContainers] Returning cached containers immediately
[20:09:58] [virtualContainers] Returning cached containers immediately
[20:09:59] [virtualContainers] Returning cached containers immediately
[20:10:00] [virtualContainers] Returning cached containers immediately
[20:10:01] [virtualContainers] Returning cached containers immediately
[20:10:02] [virtualContainers] Returning cached containers immediately
[20:10:03] [virtualContainers] Returning cached containers immediately
[20:10:04] [virtualContainers] Returning cached containers immediately
[20:10:05] [virtualContainers] Returning cached containers immediately
[20:10:06] [virtualContainers] Returning cached containers immediately
[20:10:07] [virtualContainers] Returning cached containers immediately
[20:10:08] [virtualContainers] Returning cached containers immediately
[20:10:09] [virtualContainers] Returning cached containers immediately
[20:10:10] [virtualContainers] Returning cached containers immediately
[20:10:11] [virtualContainers] Returning cached containers immediately
[20:10:12] [virtualContainers] Returning cached containers immediately
[20:10:13] [virtualContainers] Returning cached containers immediately
[20:10:14] [virtualContainers] Returning cached containers immediately
[20:10:15] [virtualContainers] Returning cached containers immediately
[20:10:16] [virtualContainers] Returning cached containers immediately
[20:10:17] [virtualContainers] Returning cached containers immediately
[20:10:18] [virtualContainers] Returning cached containers immediately
[20:10:19] [virtualContainers] Returning cached containers immediately
[20:10:20] [virtualContainers] Returning cached containers immediately
[20:10:21] [virtualContainers] Returning cached containers immediately
[20:10:22] [virtualContainers] Returning cached containers immediately
[20:10:23] [virtualContainers] Returning cached containers immediately
[20:10:24] [virtualContainers] Returning cached containers immediately
[20:10:25] [virtualContainers] Returning cached containers immediately
[20:10:26] [virtualContainers] Returning cached containers immediately
[20:10:27] [virtualContainers] Returning cached containers immediately
[20:10:28] [virtualContainers] Returning cached containers immediately
[20:10:29] [virtualContainers] Returning cached containers immediately
[20:10:30] [virtualContainers] Returning cached containers immediately
[20:10:31] [virtualContainers] Returning cached containers immediately
[20:10:32] [virtualContainers] Returning cached containers immediately
[20:10:33] [virtualContainers] Returning cached containers immediately
[20:10:34] [virtualContainers] Returning cached containers immediately
[20:10:35] [virtualContainers] Returning cached containers immediately
[20:10:36] [virtualContainers] Returning cached containers immediately
[20:10:37] [virtualContainers] Returning cached containers immediately
[20:10:38] [virtualContainers] Returning cached containers immediately
[20:10:39] [virtualContainers] Returning cached containers immediately
[20:10:40] [virtualContainers] Returning cached containers immediately
[20:10:41] [virtualContainers] Returning cached containers immediately
[20:10:42] [virtualContainers] Returning cached containers immediately
[20:10:43] [virtualContainers] Returning cached containers immediately
[20:10:44] [virtualContainers] Returning cached containers immediately
[20:10:45] [virtualContainers] Returning cached containers immediately
[20:10:46] [virtualContainers] Returning cached containers immediately
[20:10:47] [virtualContainers] Returning cached containers immediately
[20:10:48] [virtualContainers] Returning cached containers immediately
[20:10:49] [virtualContainers] Returning cached containers immediately
[20:10:50] [virtualContainers] Returning cached containers immediately
[20:10:51] [virtualContainers] Returning cached containers immediately
[20:10:52] [virtualContainers] Returning cached containers immediately
[20:10:53] [virtualContainers] Returning cached containers immediately
[20:10:54] [virtualContainers] Returning cached containers immediately
[20:10:55] [virtualContainers] Returning cached containers immediately
[20:10:56] [virtualContainers] Returning cached containers immediately
[20:10:57] [virtualContainers] Returning cached containers immediately
[20:10:58] [virtualContainers] Returning cached containers immediately
[20:10:59] [virtualContainers] Returning cached containers immediately
[20:11:00] [virtualContainers] Returning cached containers immediately
[20:11:01] [virtualContainers] Returning cached containers immediately
[20:11:02] [virtualContainers] Returning cached containers immediately
[20:11:03] [virtualContainers] Returning cached containers immediately
[20:11:05] [virtualContainers] Returning cached containers immediately
[20:11:05] [virtualContainers] Returning cached containers immediately
[20:11:06] [virtualContainers] Returning cached containers immediately
[20:11:11] [virtualContainers] Returning cached containers immediately
[20:11:11] [virtualContainers] Returning cached containers immediately
[20:11:11] [virtualContainers] Returning cached containers immediately
[20:11:15] [virtualContainers] Returning cached containers immediately
[20:11:16] [virtualContainers] Returning cached containers immediately
[20:11:17] [virtualContainers] Returning cached containers immediately
[20:11:18] [virtualContainers] Returning cached containers immediately
[20:11:19] [virtualContainers] Returning cached containers immediately
[20:11:20] [virtualContainers] Returning cached containers immediately
[20:11:21] [virtualContainers] Returning cached containers immediately
[20:11:22] [virtualContainers] Returning cached containers immediately
[20:11:23] [virtualContainers] Returning cached containers immediately
[20:11:24] [virtualContainers] Returning cached containers immediately
[20:11:25] [virtualContainers] Returning cached containers immediately
[20:11:26] [virtualContainers] Returning cached containers immediately
[20:11:27] [virtualContainers] Returning cached containers immediately
[20:11:28] [virtualContainers] Returning cached containers immediately
[20:11:29] [virtualContainers] Returning cached containers immediately
[20:11:30] [virtualContainers] Returning cached containers immediately
[20:11:38] [virtualContainers] Returning cached containers immediately
[20:11:39] [virtualContainers] Returning cached containers immediately
[20:11:40] [virtualContainers] Returning cached containers immediately
[20:11:41] [virtualContainers] Returning cached containers immediately
[20:11:42] [virtualContainers] Returning cached containers immediately
[20:11:43] [virtualContainers] Returning cached containers immediately
[20:11:44] [virtualContainers] Returning cached containers immediately
[20:11:45] [virtualContainers] Returning cached containers immediately
[20:11:46] [virtualContainers] Returning cached containers immediately
[20:11:47] [virtualContainers] Returning cached containers immediately
[20:11:48] [virtualContainers] Returning cached containers immediately
[20:11:49] [virtualContainers] Returning cached containers immediately
[20:11:50] [virtualContainers] Returning cached containers immediately
[20:11:51] [virtualContainers] Returning cached containers immediately
[20:11:52] [virtualContainers] Returning cached containers immediately
[20:11:53] [virtualContainers] Returning cached containers immediately
[20:11:54] [virtualContainers] Returning cached containers immediately
[20:11:55] [virtualContainers] Returning cached containers immediately
[20:11:56] [virtualContainers] Returning cached containers immediately
[20:11:57] [virtualContainers] Returning cached containers immediately
[20:11:58] [virtualContainers] Returning cached containers immediately
[20:11:59] [virtualContainers] Returning cached containers immediately
[20:12:00] [virtualContainers] Returning cached containers immediately
[20:12:01] [virtualContainers] Returning cached containers immediately
[20:12:02] [virtualContainers] Returning cached containers immediately
[20:12:03] [virtualContainers] Returning cached containers immediately
[20:12:04] [virtualContainers] Returning cached containers immediately
[20:12:05] [virtualContainers] Returning cached containers immediately
[20:12:06] [virtualContainers] Returning cached containers immediately
[20:12:07] [virtualContainers] Returning cached containers immediately
[20:12:08] [virtualContainers] Returning cached containers immediately
[20:12:09] [virtualContainers] Returning cached containers immediately
[20:12:10] [virtualContainers] Returning cached containers immediately
[20:12:11] [virtualContainers] Returning cached containers immediately
[20:12:12] [virtualContainers] Returning cached containers immediately
[20:12:13] [virtualContainers] Returning cached containers immediately
[20:12:14] [virtualContainers] Returning cached containers immediately
[20:12:15] [virtualContainers] Returning cached containers immediately
[20:12:16] [virtualContainers] Returning cached containers immediately
[20:12:17] [virtualContainers] Returning cached containers immediately
[20:12:18] [virtualContainers] Returning cached containers immediately
[20:12:19] [virtualContainers] Returning cached containers immediately
[20:12:20] [virtualContainers] Returning cached containers immediately
[20:12:21] [virtualContainers] Returning cached containers immediately
[20:12:22] [virtualContainers] Returning cached containers immediately
[20:12:23] [virtualContainers] Returning cached containers immediately
[20:12:24] [virtualContainers] Returning cached containers immediately
[20:12:25] [virtualContainers] Returning cached containers immediately
[20:12:26] [virtualContainers] Returning cached containers immediately
[20:12:27] [virtualContainers] Returning cached containers immediately
[20:12:28] [virtualContainers] Returning cached containers immediately
[20:12:29] [virtualContainers] Returning cached containers immediately
[20:12:30] [virtualContainers] Returning cached containers immediately
[20:12:31] [virtualContainers] Returning cached containers immediately
[20:12:32] [virtualContainers] Returning cached containers immediately
[20:12:33] [virtualContainers] Returning cached containers immediately
[20:12:34] [virtualContainers] Returning cached containers immediately
[20:12:35] [virtualContainers] Returning cached containers immediately
[20:12:36] [virtualContainers] Returning cached containers immediately
[20:12:37] [virtualContainers] Returning cached containers immediately
[20:12:38] [virtualContainers] Returning cached containers immediately
[20:12:39] [virtualContainers] Returning cached containers immediately
[20:12:40] [virtualContainers] Returning cached containers immediately
[20:12:41] [virtualContainers] Returning cached containers immediately
[20:12:42] [virtualContainers] Returning cached containers immediately
[20:12:43] [virtualContainers] Returning cached containers immediately
[20:12:44] [virtualContainers] Returning cached containers immediately
[20:12:45] [virtualContainers] Returning cached containers immediately
[20:12:46] [virtualContainers] Returning cached containers immediately
[20:12:47] [virtualContainers] Returning cached containers immediately
[20:12:48] [virtualContainers] Returning cached containers immediately
[20:12:49] [virtualContainers] Returning cached containers immediately
[20:12:50] [virtualContainers] Returning cached containers immediately
[20:12:51] [virtualContainers] Returning cached containers immediately
[20:12:52] [virtualContainers] Returning cached containers immediately
[20:12:53] [virtualContainers] Returning cached containers immediately
[20:12:54] [virtualContainers] Returning cached containers immediately
[20:12:55] [virtualContainers] Returning cached containers immediately
[20:12:56] [virtualContainers] Returning cached containers immediately
[20:12:57] [virtualContainers] Returning cached containers immediately
[20:12:58] [virtualContainers] Returning cached containers immediately
[20:12:59] [virtualContainers] Returning cached containers immediately
[20:13:00] [virtualContainers] Returning cached containers immediately
[20:13:01] [virtualContainers] Returning cached containers immediately
[20:13:02] [virtualContainers] Returning cached containers immediately
[20:13:03] [virtualContainers] Returning cached containers immediately
[20:13:04] [virtualContainers] Returning cached containers immediately
[20:13:05] [virtualContainers] Returning cached containers immediately
[20:13:06] [virtualContainers] Returning cached containers immediately
[20:13:07] [virtualContainers] Returning cached containers immediately
[20:13:08] [virtualContainers] Returning cached containers immediately
[20:13:09] [virtualContainers] Returning cached containers immediately
[20:13:10] [virtualContainers] Returning cached containers immediately
[20:13:11] [virtualContainers] Returning cached containers immediately
[20:13:13] [virtualContainers] Returning cached containers immediately
[20:13:13] [virtualContainers] Returning cached containers immediately
[20:13:14] [virtualContainers] Returning cached containers immediately
[20:13:15] [virtualContainers] Returning cached containers immediately
[20:15:29] [virtualContainers] file parsed
[20:16:02] [virtualContainers] Immediate synth container vehId=36665
[20:16:02] [virtualContainers] Async refresh kept virtual container for vehId=36665
[20:16:02] [virtualContainers] Returning cached containers immediately
[20:16:02] [virtualContainers] Returning cached containers immediately
[20:16:03] [virtualContainers] Returning cached containers immediately
[20:16:04] [virtualContainers] Returning cached containers immediately
[20:16:06] [virtualContainers] Returning cached containers immediately
[20:16:07] [virtualContainers] Returning cached containers immediately
[20:16:08] [virtualContainers] Returning cached containers immediately
[20:16:09] [virtualContainers] Returning cached containers immediately
[20:16:10] [virtualContainers] Returning cached containers immediately
[20:16:11] [virtualContainers] Returning cached containers immediately
[20:16:12] [virtualContainers] Returning cached containers immediately
[20:16:13] [virtualContainers] Returning cached containers immediately
[20:16:14] [virtualContainers] Returning cached containers immediately
[20:16:15] [virtualContainers] Returning cached containers immediately
[20:16:16] [virtualContainers] Returning cached containers immediately
[20:16:17] [virtualContainers] Returning cached containers immediately
[20:16:18] [virtualContainers] Returning cached containers immediately
[20:16:19] [virtualContainers] Returning cached containers immediately
[20:16:20] [virtualContainers] Returning cached containers immediately
[20:16:21] [virtualContainers] Returning cached containers immediately
[20:16:22] [virtualContainers] Returning cached containers immediately
[20:16:23] [virtualContainers] Returning cached containers immediately
[20:16:24] [virtualContainers] Returning cached containers immediately
[20:16:24] [virtualContainers] Returning cached containers immediately
[20:16:30] [virtualContainers] Returning cached containers immediately
[20:16:30] [virtualContainers] Returning cached containers immediately
[20:16:30] [virtualContainers] Returning cached containers immediately
[20:22:42] [virtualContainers] Returning cached containers immediately
[20:22:43] [virtualContainers] Returning cached containers immediately
[20:22:44] [virtualContainers] Returning cached containers immediately
[20:22:46] [virtualContainers] Returning cached containers immediately
[20:22:47] [virtualContainers] Returning cached containers immediately
[20:22:48] [virtualContainers] Returning cached containers immediately
[20:22:49] [virtualContainers] Returning cached containers immediately
[20:22:50] [virtualContainers] Returning cached containers immediately
[20:22:51] [virtualContainers] Returning cached containers immediately
[20:22:52] [virtualContainers] Returning cached containers immediately
[20:22:53] [virtualContainers] Returning cached containers immediately
[20:22:54] [virtualContainers] Returning cached containers immediately
[20:22:55] [virtualContainers] Returning cached containers immediately
[20:22:56] [virtualContainers] Returning cached containers immediately
[20:22:57] [virtualContainers] Returning cached containers immediately
[20:22:58] [virtualContainers] Returning cached containers immediately
[20:22:59] [virtualContainers] Returning cached containers immediately
[20:23:00] [virtualContainers] Returning cached containers immediately
[20:23:01] [virtualContainers] Returning cached containers immediately
[20:23:02] [virtualContainers] Returning cached containers immediately
[20:23:03] [virtualContainers] Returning cached containers immediately
[20:23:04] [virtualContainers] Returning cached containers immediately
[20:23:05] [virtualContainers] Returning cached containers immediately
[20:23:06] [virtualContainers] Returning cached containers immediately
[20:23:06] [virtualContainers] Returning cached containers immediately
[20:23:06] [virtualContainers] Returning cached containers immediately
[20:23:16] [virtualContainers] Returning cached containers immediately
[20:23:23] [virtualContainers] Returning cached containers immediately
[20:38:25] [virtualContainers] Returning cached containers immediately
[20:40:24] [virtualContainers] file parsed
[20:40:57] [virtualContainers] Immediate synth container vehId=36667
[20:40:57] [virtualContainers] Async refresh kept virtual container for vehId=36667
[20:40:57] [virtualContainers] Returning cached containers immediately
[20:40:58] [virtualContainers] Returning cached containers immediately
[20:40:58] [virtualContainers] Returning cached containers immediately
[20:40:59] [virtualContainers] Returning cached containers immediately
[20:41:00] [virtualContainers] Returning cached containers immediately
[20:41:01] [virtualContainers] Returning cached containers immediately
[20:41:02] [virtualContainers] Returning cached containers immediately
[20:41:03] [virtualContainers] Returning cached containers immediately
[20:41:04] [virtualContainers] Returning cached containers immediately
[20:41:05] [virtualContainers] Returning cached containers immediately
[20:41:06] [virtualContainers] Returning cached containers immediately
[20:41:07] [virtualContainers] Returning cached containers immediately
[20:41:08] [virtualContainers] Returning cached containers immediately
[20:41:09] [virtualContainers] Returning cached containers immediately
[20:41:10] [virtualContainers] Returning cached containers immediately
[20:41:11] [virtualContainers] Returning cached containers immediately
[20:41:12] [virtualContainers] Returning cached containers immediately
[20:41:13] [virtualContainers] Returning cached containers immediately
[20:41:14] [virtualContainers] Returning cached containers immediately
[20:41:15] [virtualContainers] Returning cached containers immediately
[20:41:16] [virtualContainers] Returning cached containers immediately
[20:41:17] [virtualContainers] Returning cached containers immediately
[20:41:18] [virtualContainers] Returning cached containers immediately
[20:41:19] [virtualContainers] Returning cached containers immediately
[20:41:21] [virtualContainers] Returning cached containers immediately
[20:41:22] [virtualContainers] Returning cached containers immediately
[20:41:23] [virtualContainers] Returning cached containers immediately
[20:41:24] [virtualContainers] Returning cached containers immediately
[20:41:25] [virtualContainers] Returning cached containers immediately
[20:41:26] [virtualContainers] Returning cached containers immediately
[20:41:27] [virtualContainers] Returning cached containers immediately
[20:41:28] [virtualContainers] Returning cached containers immediately
[20:41:29] [virtualContainers] Returning cached containers immediately
[20:41:30] [virtualContainers] Returning cached containers immediately
[20:41:31] [virtualContainers] Returning cached containers immediately
[20:41:32] [virtualContainers] Returning cached containers immediately
[20:41:33] [virtualContainers] Returning cached containers immediately
[20:41:34] [virtualContainers] Returning cached containers immediately
[20:41:35] [virtualContainers] Returning cached containers immediately
[20:41:36] [virtualContainers] Returning cached containers immediately
[20:41:37] [virtualContainers] Returning cached containers immediately
[20:41:38] [virtualContainers] Returning cached containers immediately
[20:41:39] [virtualContainers] Returning cached containers immediately
[20:41:40] [virtualContainers] Returning cached containers immediately
[20:41:41] [virtualContainers] Returning cached containers immediately
[20:41:42] [virtualContainers] Returning cached containers immediately
[20:41:42] [virtualContainers] Returning cached containers immediately
[20:41:50] [virtualContainers] Returning cached containers immediately
[20:47:31] [virtualContainers] Returning cached containers immediately
[20:47:32] [virtualContainers] Returning cached containers immediately
[20:47:33] [virtualContainers] Returning cached containers immediately
[20:47:34] [virtualContainers] Returning cached containers immediately
[20:47:35] [virtualContainers] Returning cached containers immediately
[20:47:36] [virtualContainers] Returning cached containers immediately
[20:47:37] [virtualContainers] Returning cached containers immediately
[20:47:38] [virtualContainers] Returning cached containers immediately
[20:47:39] [virtualContainers] Returning cached containers immediately
[20:47:40] [virtualContainers] Returning cached containers immediately
[20:47:41] [virtualContainers] Returning cached containers immediately
[20:47:42] [virtualContainers] Returning cached containers immediately
[20:47:43] [virtualContainers] Returning cached containers immediately
[20:47:44] [virtualContainers] Returning cached containers immediately
[20:47:45] [virtualContainers] Returning cached containers immediately
[20:47:46] [virtualContainers] Returning cached containers immediately
[20:47:47] [virtualContainers] Returning cached containers immediately
[20:47:48] [virtualContainers] Returning cached containers immediately
[20:47:49] [virtualContainers] Returning cached containers immediately
[20:47:50] [virtualContainers] Returning cached containers immediately
[20:47:51] [virtualContainers] Returning cached containers immediately
[20:47:52] [virtualContainers] Returning cached containers immediately
[20:47:53] [virtualContainers] Returning cached containers immediately
[20:47:54] [virtualContainers] Returning cached containers immediately
[20:47:55] [virtualContainers] Returning cached containers immediately
[20:47:56] [virtualContainers] Returning cached containers immediately
[20:47:57] [virtualContainers] Returning cached containers immediately
[20:47:58] [virtualContainers] Returning cached containers immediately
[20:47:59] [virtualContainers] Returning cached containers immediately
[20:48:00] [virtualContainers] Returning cached containers immediately
[20:48:01] [virtualContainers] Returning cached containers immediately
[20:48:02] [virtualContainers] Returning cached containers immediately
[20:48:03] [virtualContainers] Returning cached containers immediately
[20:48:04] [virtualContainers] Returning cached containers immediately
[20:48:05] [virtualContainers] Returning cached containers immediately
[20:48:06] [virtualContainers] Returning cached containers immediately
[20:48:07] [virtualContainers] Returning cached containers immediately
[20:48:08] [virtualContainers] Returning cached containers immediately
[20:48:09] [virtualContainers] Returning cached containers immediately
[20:48:10] [virtualContainers] Returning cached containers immediately
[20:48:11] [virtualContainers] Returning cached containers immediately
[20:48:12] [virtualContainers] Returning cached containers immediately
[20:48:13] [virtualContainers] Returning cached containers immediately
[20:48:14] [virtualContainers] Returning cached containers immediately
[20:48:15] [virtualContainers] Returning cached containers immediately
[20:48:16] [virtualContainers] Returning cached containers immediately
[20:48:17] [virtualContainers] Returning cached containers immediately
[20:48:18] [virtualContainers] Returning cached containers immediately
[20:48:19] [virtualContainers] Returning cached containers immediately
[20:48:20] [virtualContainers] Returning cached containers immediately
[20:48:21] [virtualContainers] Returning cached containers immediately
[20:48:22] [virtualContainers] Returning cached containers immediately
[20:48:23] [virtualContainers] Returning cached containers immediately
[20:48:24] [virtualContainers] Returning cached containers immediately
[20:48:25] [virtualContainers] Returning cached containers immediately
[20:48:26] [virtualContainers] Returning cached containers immediately
[20:48:27] [virtualContainers] Returning cached containers immediately
[20:48:28] [virtualContainers] Returning cached containers immediately
[20:48:29] [virtualContainers] Returning cached containers immediately
[20:48:30] [virtualContainers] Returning cached containers immediately
[20:48:31] [virtualContainers] Returning cached containers immediately
[20:48:32] [virtualContainers] Returning cached containers immediately
[20:48:33] [virtualContainers] Returning cached containers immediately
[20:48:34] [virtualContainers] Returning cached containers immediately
[20:48:35] [virtualContainers] Returning cached containers immediately
[20:48:36] [virtualContainers] Returning cached containers immediately
[20:48:37] [virtualContainers] Returning cached containers immediately
[20:48:38] [virtualContainers] Returning cached containers immediately
[20:48:39] [virtualContainers] Returning cached containers immediately
[20:48:40] [virtualContainers] Returning cached containers immediately
[20:48:41] [virtualContainers] Returning cached containers immediately
[20:48:42] [virtualContainers] Returning cached containers immediately
[20:48:43] [virtualContainers] Returning cached containers immediately
[20:48:44] [virtualContainers] Returning cached containers immediately
[20:48:45] [virtualContainers] Returning cached containers immediately
[20:48:46] [virtualContainers] Returning cached containers immediately
[20:48:47] [virtualContainers] Returning cached containers immediately
[20:48:48] [virtualContainers] Returning cached containers immediately
[20:48:49] [virtualContainers] Returning cached containers immediately
[20:48:50] [virtualContainers] Returning cached containers immediately
[20:48:51] [virtualContainers] Returning cached containers immediately
[20:48:52] [virtualContainers] Returning cached containers immediately
[20:48:53] [virtualContainers] Returning cached containers immediately
[20:48:54] [virtualContainers] Returning cached containers immediately
[20:48:55] [virtualContainers] Returning cached containers immediately
[20:48:56] [virtualContainers] Returning cached containers immediately
[20:48:57] [virtualContainers] Returning cached containers immediately
[20:48:58] [virtualContainers] Returning cached containers immediately
[20:48:59] [virtualContainers] Returning cached containers immediately
[20:49:00] [virtualContainers] Returning cached containers immediately
[20:49:01] [virtualContainers] Returning cached containers immediately
[20:49:02] [virtualContainers] Returning cached containers immediately
[20:49:03] [virtualContainers] Returning cached containers immediately
[20:49:04] [virtualContainers] Returning cached containers immediately
[20:49:17] [virtualContainers] Returning cached containers immediately
[20:49:18] [virtualContainers] Returning cached containers immediately
[20:49:19] [virtualContainers] Returning cached containers immediately
[20:49:20] [virtualContainers] Returning cached containers immediately
[20:49:21] [virtualContainers] Returning cached containers immediately
[20:49:22] [virtualContainers] Returning cached containers immediately
[20:49:23] [virtualContainers] Returning cached containers immediately
[20:49:24] [virtualContainers] Returning cached containers immediately
[20:49:25] [virtualContainers] Returning cached containers immediately
[20:49:26] [virtualContainers] Returning cached containers immediately
[20:49:27] [virtualContainers] Returning cached containers immediately
[20:49:29] [virtualContainers] Returning cached containers immediately
[20:49:30] [virtualContainers] Returning cached containers immediately
[20:49:30] [virtualContainers] Returning cached containers immediately
[20:49:31] [virtualContainers] Returning cached containers immediately
[20:49:32] [virtualContainers] Returning cached containers immediately
[20:49:33] [virtualContainers] Returning cached containers immediately
[20:49:34] [virtualContainers] Returning cached containers immediately
[20:49:35] [virtualContainers] Returning cached containers immediately
[20:49:36] [virtualContainers] Returning cached containers immediately
[20:49:37] [virtualContainers] Returning cached containers immediately
[20:49:38] [virtualContainers] Returning cached containers immediately
[20:49:39] [virtualContainers] Returning cached containers immediately
[20:49:40] [virtualContainers] Returning cached containers immediately
[20:49:41] [virtualContainers] Returning cached containers immediately
[20:49:42] [virtualContainers] Returning cached containers immediately
[20:49:43] [virtualContainers] Returning cached containers immediately
[20:49:44] [virtualContainers] Returning cached containers immediately
[20:49:45] [virtualContainers] Returning cached containers immediately
[20:49:46] [virtualContainers] Returning cached containers immediately
[20:49:47] [virtualContainers] Returning cached containers immediately
[20:49:48] [virtualContainers] Returning cached containers immediately
[20:49:49] [virtualContainers] Returning cached containers immediately
[20:49:50] [virtualContainers] Returning cached containers immediately
[20:49:51] [virtualContainers] Returning cached containers immediately
[20:49:52] [virtualContainers] Returning cached containers immediately
[20:49:53] [virtualContainers] Returning cached containers immediately
[20:49:54] [virtualContainers] Returning cached containers immediately
[20:49:55] [virtualContainers] Returning cached containers immediately
[20:49:56] [virtualContainers] Returning cached containers immediately
[20:49:57] [virtualContainers] Returning cached containers immediately
[20:49:58] [virtualContainers] Returning cached containers immediately
[20:49:59] [virtualContainers] Returning cached containers immediately
[20:50:00] [virtualContainers] Returning cached containers immediately
[20:50:01] [virtualContainers] Returning cached containers immediately
[20:50:02] [virtualContainers] Returning cached containers immediately
[20:50:03] [virtualContainers] Returning cached containers immediately
[20:50:04] [virtualContainers] Returning cached containers immediately
[20:50:05] [virtualContainers] Returning cached containers immediately
[20:50:06] [virtualContainers] Returning cached containers immediately
[20:50:07] [virtualContainers] Returning cached containers immediately
[20:50:08] [virtualContainers] Returning cached containers immediately
[20:50:09] [virtualContainers] Returning cached containers immediately
[20:50:10] [virtualContainers] Returning cached containers immediately
[20:50:11] [virtualContainers] Returning cached containers immediately
[20:50:12] [virtualContainers] Returning cached containers immediately
[20:50:13] [virtualContainers] Returning cached containers immediately
[20:50:14] [virtualContainers] Returning cached containers immediately
[20:50:15] [virtualContainers] Returning cached containers immediately
[20:50:16] [virtualContainers] Returning cached containers immediately
[20:50:17] [virtualContainers] Returning cached containers immediately
[20:50:18] [virtualContainers] Returning cached containers immediately
[20:50:19] [virtualContainers] Returning cached containers immediately
[20:50:20] [virtualContainers] Returning cached containers immediately
[20:50:21] [virtualContainers] Returning cached containers immediately
[20:50:22] [virtualContainers] Returning cached containers immediately
[20:50:23] [virtualContainers] Returning cached containers immediately
[20:50:24] [virtualContainers] Returning cached containers immediately
[20:50:25] [virtualContainers] Returning cached containers immediately
[20:52:23] [virtualContainers] file parsed
[20:52:56] [virtualContainers] Immediate synth container vehId=36666
[20:52:56] [virtualContainers] Async refresh kept virtual container for vehId=36666
[20:52:57] [virtualContainers] Returning cached containers immediately
[20:52:58] [virtualContainers] Returning cached containers immediately
[20:52:58] [virtualContainers] Returning cached containers immediately
[20:53:00] [virtualContainers] Returning cached containers immediately
[20:53:01] [virtualContainers] Returning cached containers immediately
[20:53:02] [virtualContainers] Returning cached containers immediately
[20:53:03] [virtualContainers] Returning cached containers immediately
[20:53:04] [virtualContainers] Returning cached containers immediately
[20:53:05] [virtualContainers] Returning cached containers immediately
[20:53:06] [virtualContainers] Returning cached containers immediately
[20:53:07] [virtualContainers] Returning cached containers immediately
[20:53:08] [virtualContainers] Returning cached containers immediately
[20:53:09] [virtualContainers] Returning cached containers immediately
[20:53:10] [virtualContainers] Returning cached containers immediately
[20:53:11] [virtualContainers] Returning cached containers immediately
[20:53:12] [virtualContainers] Returning cached containers immediately
[20:53:13] [virtualContainers] Returning cached containers immediately
[20:53:14] [virtualContainers] Returning cached containers immediately
[20:53:15] [virtualContainers] Returning cached containers immediately
[20:53:16] [virtualContainers] Returning cached containers immediately
[20:53:17] [virtualContainers] Returning cached containers immediately
[20:53:18] [virtualContainers] Returning cached containers immediately
[20:53:19] [virtualContainers] Returning cached containers immediately
[20:53:20] [virtualContainers] Returning cached containers immediately
[20:53:20] [virtualContainers] Returning cached containers immediately
[20:53:31] [virtualContainers] Returning cached containers immediately
[05:38:53] [virtualContainers] file parsed
[05:39:29] [virtualContainers] Immediate synth container vehId=36666
[05:39:29] [virtualContainers] Async refresh kept virtual container for vehId=36666
[05:39:30] [virtualContainers] Returning cached containers immediately
[05:39:30] [virtualContainers] Returning cached containers immediately
[05:39:31] [virtualContainers] Returning cached containers immediately
[05:39:32] [virtualContainers] Returning cached containers immediately
[05:39:33] [virtualContainers] Returning cached containers immediately
[05:39:34] [virtualContainers] Returning cached containers immediately
[05:39:35] [virtualContainers] Returning cached containers immediately
[05:39:36] [virtualContainers] Returning cached containers immediately
[05:39:37] [virtualContainers] Returning cached containers immediately
[05:39:38] [virtualContainers] Returning cached containers immediately
[05:39:39] [virtualContainers] Returning cached containers immediately
[05:39:40] [virtualContainers] Returning cached containers immediately
[05:39:41] [virtualContainers] Returning cached containers immediately
[05:39:42] [virtualContainers] Returning cached containers immediately
[05:39:43] [virtualContainers] Returning cached containers immediately
[05:39:44] [virtualContainers] Returning cached containers immediately
[05:39:45] [virtualContainers] Returning cached containers immediately
[05:39:46] [virtualContainers] Returning cached containers immediately
[05:39:47] [virtualContainers] Returning cached containers immediately
[05:39:48] [virtualContainers] Returning cached containers immediately
[05:39:49] [virtualContainers] Returning cached containers immediately
[05:39:51] [virtualContainers] Returning cached containers immediately
[05:39:52] [virtualContainers] Returning cached containers immediately
[05:39:53] [virtualContainers] Returning cached containers immediately
[05:39:54] [virtualContainers] Returning cached containers immediately
[05:39:55] [virtualContainers] Returning cached containers immediately
[05:39:56] [virtualContainers] Returning cached containers immediately
[05:39:57] [virtualContainers] Returning cached containers immediately
[05:39:58] [virtualContainers] Returning cached containers immediately
[05:39:59] [virtualContainers] Returning cached containers immediately
[05:40:00] [virtualContainers] Returning cached containers immediately
[05:40:01] [virtualContainers] Returning cached containers immediately
[05:40:02] [virtualContainers] Returning cached containers immediately
[05:40:03] [virtualContainers] Returning cached containers immediately
[05:40:04] [virtualContainers] Returning cached containers immediately
[05:40:05] [virtualContainers] Returning cached containers immediately
[05:40:06] [virtualContainers] Returning cached containers immediately
[05:40:07] [virtualContainers] Returning cached containers immediately
[05:40:08] [virtualContainers] Returning cached containers immediately
[05:40:09] [virtualContainers] Returning cached containers immediately
[05:40:10] [virtualContainers] Returning cached containers immediately
[05:40:11] [virtualContainers] Returning cached containers immediately
[05:40:12] [virtualContainers] Returning cached containers immediately
[05:40:13] [virtualContainers] Returning cached containers immediately
[05:40:14] [virtualContainers] Returning cached containers immediately
[05:40:15] [virtualContainers] Returning cached containers immediately
[05:40:16] [virtualContainers] Returning cached containers immediately
[05:40:17] [virtualContainers] Returning cached containers immediately
[05:40:18] [virtualContainers] Returning cached containers immediately
[05:40:19] [virtualContainers] Returning cached containers immediately
[05:40:20] [virtualContainers] Returning cached containers immediately
[05:40:21] [virtualContainers] Returning cached containers immediately
[05:40:22] [virtualContainers] Returning cached containers immediately
[05:40:23] [virtualContainers] Returning cached containers immediately
[05:40:24] [virtualContainers] Returning cached containers immediately
[05:40:24] [virtualContainers] Returning cached containers immediately
[05:40:32] [virtualContainers] Returning cached containers immediately
[05:40:42] [virtualContainers] Returning cached containers immediately
[05:40:43] [virtualContainers] Returning cached containers immediately
[16:43:21] [virtualContainers] file parsed
[16:44:00] [virtualContainers] Immediate synth container vehId=36666
[16:44:01] [virtualContainers] Returning cached containers immediately
[16:44:02] [virtualContainers] Returning cached containers immediately
[16:44:02] [virtualContainers] Returning cached containers immediately
[16:44:03] [virtualContainers] Returning cached containers immediately
[16:44:04] [virtualContainers] Returning cached containers immediately
[16:44:05] [virtualContainers] Returning cached containers immediately
[16:44:06] [virtualContainers] Returning cached containers immediately
[16:44:07] [virtualContainers] Returning cached containers immediately
[16:44:08] [virtualContainers] Returning cached containers immediately
[16:44:09] [virtualContainers] Returning cached containers immediately
[16:44:10] [virtualContainers] Returning cached containers immediately
[16:44:11] [virtualContainers] Returning cached containers immediately
[16:44:12] [virtualContainers] Returning cached containers immediately
[16:44:13] [virtualContainers] Returning cached containers immediately
[16:44:14] [virtualContainers] Returning cached containers immediately
[16:44:15] [virtualContainers] Returning cached containers immediately
[16:44:16] [virtualContainers] Returning cached containers immediately
[16:44:17] [virtualContainers] Returning cached containers immediately
[16:44:18] [virtualContainers] Returning cached containers immediately
[16:44:19] [virtualContainers] Returning cached containers immediately
[16:44:20] [virtualContainers] Returning cached containers immediately
[16:44:21] [virtualContainers] Returning cached containers immediately
[16:44:22] [virtualContainers] Returning cached containers immediately
[16:44:23] [virtualContainers] Returning cached containers immediately
[16:44:24] [virtualContainers] Returning cached containers immediately
[16:44:25] [virtualContainers] Returning cached containers immediately
[16:44:26] [virtualContainers] Returning cached containers immediately
[16:44:27] [virtualContainers] Returning cached containers immediately
[16:44:28] [virtualContainers] Returning cached containers immediately
[16:44:29] [virtualContainers] Returning cached containers immediately
[16:44:30] [virtualContainers] Returning cached containers immediately
[16:44:31] [virtualContainers] Returning cached containers immediately
[16:44:32] [virtualContainers] Returning cached containers immediately
[16:44:33] [virtualContainers] Returning cached containers immediately
[16:44:34] [virtualContainers] Returning cached containers immediately
[16:44:35] [virtualContainers] Returning cached containers immediately
[16:44:36] [virtualContainers] Returning cached containers immediately
[16:44:37] [virtualContainers] Returning cached containers immediately
[16:44:38] [virtualContainers] Returning cached containers immediately
[16:44:39] [virtualContainers] Returning cached containers immediately
[16:44:40] [virtualContainers] Returning cached containers immediately
[16:44:41] [virtualContainers] Returning cached containers immediately
[16:44:42] [virtualContainers] Returning cached containers immediately
[16:44:43] [virtualContainers] Returning cached containers immediately
[16:44:44] [virtualContainers] Returning cached containers immediately
[16:44:45] [virtualContainers] Returning cached containers immediately
[16:44:47] [virtualContainers] Returning cached containers immediately
[16:44:48] [virtualContainers] Returning cached containers immediately
[16:44:49] [virtualContainers] Returning cached containers immediately
[16:44:50] [virtualContainers] Returning cached containers immediately
[16:44:51] [virtualContainers] Returning cached containers immediately
[16:44:52] [virtualContainers] Returning cached containers immediately
[16:44:53] [virtualContainers] Returning cached containers immediately
[16:44:54] [virtualContainers] Returning cached containers immediately
[16:44:55] [virtualContainers] Returning cached containers immediately
[16:44:56] [virtualContainers] Returning cached containers immediately
[16:44:57] [virtualContainers] Returning cached containers immediately
[16:44:58] [virtualContainers] Returning cached containers immediately
[16:44:59] [virtualContainers] Returning cached containers immediately
[16:45:00] [virtualContainers] Returning cached containers immediately
[16:45:01] [virtualContainers] Returning cached containers immediately
[16:45:02] [virtualContainers] Returning cached containers immediately
[16:45:03] [virtualContainers] Returning cached containers immediately
[16:45:04] [virtualContainers] Returning cached containers immediately
[16:45:05] [virtualContainers] Returning cached containers immediately
[16:45:06] [virtualContainers] Returning cached containers immediately
[16:45:07] [virtualContainers] Returning cached containers immediately
[16:45:08] [virtualContainers] Returning cached containers immediately
[16:45:09] [virtualContainers] Returning cached containers immediately
[16:45:10] [virtualContainers] Returning cached containers immediately
[16:45:11] [virtualContainers] Returning cached containers immediately
[16:45:12] [virtualContainers] Returning cached containers immediately
[16:45:13] [virtualContainers] Returning cached containers immediately
[16:45:14] [virtualContainers] Returning cached containers immediately
[16:45:15] [virtualContainers] Returning cached containers immediately
[16:45:16] [virtualContainers] Returning cached containers immediately
[16:45:17] [virtualContainers] Returning cached containers immediately
[16:45:18] [virtualContainers] Returning cached containers immediately
[16:45:19] [virtualContainers] Returning cached containers immediately
[16:45:20] [virtualContainers] Returning cached containers immediately
[16:45:21] [virtualContainers] Returning cached containers immediately
[16:45:22] [virtualContainers] Returning cached containers immediately
[16:45:23] [virtualContainers] Returning cached containers immediately
[16:45:24] [virtualContainers] Returning cached containers immediately
[16:45:25] [virtualContainers] Returning cached containers immediately
[16:45:26] [virtualContainers] Returning cached containers immediately
[16:45:27] [virtualContainers] Returning cached containers immediately
[16:45:28] [virtualContainers] Returning cached containers immediately
[16:45:29] [virtualContainers] Returning cached containers immediately
[16:45:30] [virtualContainers] Returning cached containers immediately
[16:45:31] [virtualContainers] Returning cached containers immediately
[16:45:32] [virtualContainers] Returning cached containers immediately
[16:45:33] [virtualContainers] Returning cached containers immediately
[16:45:34] [virtualContainers] Returning cached containers immediately
[16:45:35] [virtualContainers] Returning cached containers immediately
[16:45:36] [virtualContainers] Returning cached containers immediately
[16:45:37] [virtualContainers] Returning cached containers immediately
[16:45:38] [virtualContainers] Returning cached containers immediately
[16:45:39] [virtualContainers] Returning cached containers immediately
[16:45:40] [virtualContainers] Returning cached containers immediately
[16:45:41] [virtualContainers] Returning cached containers immediately
[16:45:42] [virtualContainers] Returning cached containers immediately
[16:45:43] [virtualContainers] Returning cached containers immediately
[16:45:44] [virtualContainers] Returning cached containers immediately
[16:45:45] [virtualContainers] Returning cached containers immediately
[16:45:46] [virtualContainers] Returning cached containers immediately
[16:45:47] [virtualContainers] Returning cached containers immediately
[16:45:48] [virtualContainers] Returning cached containers immediately
[16:45:49] [virtualContainers] Returning cached containers immediately
[16:45:50] [virtualContainers] Returning cached containers immediately
[16:45:51] [virtualContainers] Returning cached containers immediately
[16:45:52] [virtualContainers] Returning cached containers immediately
[16:45:53] [virtualContainers] Returning cached containers immediately
[16:45:54] [virtualContainers] Returning cached containers immediately
[16:45:55] [virtualContainers] Returning cached containers immediately
[16:45:56] [virtualContainers] Returning cached containers immediately
[16:45:57] [virtualContainers] Returning cached containers immediately
[16:45:58] [virtualContainers] Returning cached containers immediately
[16:45:59] [virtualContainers] Returning cached containers immediately
[16:46:00] [virtualContainers] Returning cached containers immediately
[16:46:01] [virtualContainers] Returning cached containers immediately
[16:46:02] [virtualContainers] Returning cached containers immediately
[16:46:03] [virtualContainers] Returning cached containers immediately
[16:46:04] [virtualContainers] Returning cached containers immediately
[16:46:05] [virtualContainers] Returning cached containers immediately
[16:46:06] [virtualContainers] Returning cached containers immediately
[16:46:07] [virtualContainers] Returning cached containers immediately
[16:46:08] [virtualContainers] Returning cached containers immediately
[16:46:09] [virtualContainers] Returning cached containers immediately
[16:46:10] [virtualContainers] Returning cached containers immediately
[16:46:11] [virtualContainers] Returning cached containers immediately
[16:46:12] [virtualContainers] Returning cached containers immediately
[16:46:13] [virtualContainers] Returning cached containers immediately
[16:46:14] [virtualContainers] Returning cached containers immediately
[16:46:15] [virtualContainers] Returning cached containers immediately
[16:46:16] [virtualContainers] Returning cached containers immediately
[16:46:17] [virtualContainers] Returning cached containers immediately
[16:46:18] [virtualContainers] Returning cached containers immediately
[16:46:19] [virtualContainers] Returning cached containers immediately
[16:46:20] [virtualContainers] Returning cached containers immediately
[16:46:21] [virtualContainers] Returning cached containers immediately
[16:46:22] [virtualContainers] Returning cached containers immediately
[16:46:23] [virtualContainers] Returning cached containers immediately
[16:46:24] [virtualContainers] Returning cached containers immediately
[16:46:25] [virtualContainers] Returning cached containers immediately
[16:46:26] [virtualContainers] Returning cached containers immediately
[16:46:27] [virtualContainers] Returning cached containers immediately
[16:46:28] [virtualContainers] Returning cached containers immediately
[16:46:29] [virtualContainers] Returning cached containers immediately
[16:46:30] [virtualContainers] Returning cached containers immediately
[16:46:31] [virtualContainers] Returning cached containers immediately
[16:46:32] [virtualContainers] Returning cached containers immediately
[16:46:33] [virtualContainers] Returning cached containers immediately
[16:46:34] [virtualContainers] Returning cached containers immediately
[16:46:35] [virtualContainers] Returning cached containers immediately
[16:46:36] [virtualContainers] Returning cached containers immediately
[16:46:37] [virtualContainers] Returning cached containers immediately
[16:46:38] [virtualContainers] Returning cached containers immediately
[16:46:39] [virtualContainers] Returning cached containers immediately
[16:46:40] [virtualContainers] Returning cached containers immediately
[16:46:41] [virtualContainers] Returning cached containers immediately
[16:46:42] [virtualContainers] Returning cached containers immediately
[16:46:43] [virtualContainers] Returning cached containers immediately
[16:46:44] [virtualContainers] Returning cached containers immediately
[16:46:45] [virtualContainers] Returning cached containers immediately
[16:46:46] [virtualContainers] Returning cached containers immediately
[16:46:47] [virtualContainers] Returning cached containers immediately
[16:46:48] [virtualContainers] Returning cached containers immediately
[16:46:49] [virtualContainers] Returning cached containers immediately
[16:46:50] [virtualContainers] Returning cached containers immediately
[16:46:51] [virtualContainers] Returning cached containers immediately
[16:46:52] [virtualContainers] Returning cached containers immediately
[16:46:53] [virtualContainers] Returning cached containers immediately
[16:46:54] [virtualContainers] Returning cached containers immediately
[16:46:55] [virtualContainers] Returning cached containers immediately
[16:46:56] [virtualContainers] Returning cached containers immediately
[16:46:57] [virtualContainers] Returning cached containers immediately
[16:46:58] [virtualContainers] Returning cached containers immediately
[16:46:59] [virtualContainers] Returning cached containers immediately
[16:47:00] [virtualContainers] Returning cached containers immediately
[16:47:01] [virtualContainers] Returning cached containers immediately
[16:47:02] [virtualContainers] Returning cached containers immediately
[16:47:03] [virtualContainers] Returning cached containers immediately
[16:47:04] [virtualContainers] Returning cached containers immediately
[16:47:05] [virtualContainers] Returning cached containers immediately
[16:47:06] [virtualContainers] Returning cached containers immediately
[16:47:07] [virtualContainers] Returning cached containers immediately
[16:47:08] [virtualContainers] Returning cached containers immediately
[16:47:09] [virtualContainers] Returning cached containers immediately
[16:47:10] [virtualContainers] Returning cached containers immediately
[16:47:11] [virtualContainers] Returning cached containers immediately
[16:47:12] [virtualContainers] Returning cached containers immediately
[16:47:13] [virtualContainers] Returning cached containers immediately
[16:47:14] [virtualContainers] Returning cached containers immediately
[16:47:15] [virtualContainers] Returning cached containers immediately
[16:47:16] [virtualContainers] Returning cached containers immediately
[16:47:17] [virtualContainers] Returning cached containers immediately
[16:47:18] [virtualContainers] Returning cached containers immediately
[16:47:19] [virtualContainers] Returning cached containers immediately
[16:47:20] [virtualContainers] Returning cached containers immediately
[16:47:21] [virtualContainers] Returning cached containers immediately
[16:47:22] [virtualContainers] Returning cached containers immediately
[16:47:23] [virtualContainers] Returning cached containers immediately
[16:47:24] [virtualContainers] Returning cached containers immediately
[16:47:25] [virtualContainers] Returning cached containers immediately
[16:47:26] [virtualContainers] Returning cached containers immediately
[16:47:27] [virtualContainers] Returning cached containers immediately
[16:47:28] [virtualContainers] Returning cached containers immediately
[16:47:30] [virtualContainers] Returning cached containers immediately
[16:47:30] [virtualContainers] Returning cached containers immediately
[16:47:31] [virtualContainers] Returning cached containers immediately
[16:47:32] [virtualContainers] Returning cached containers immediately
[16:47:33] [virtualContainers] Returning cached containers immediately
[16:47:33] [virtualContainers] Returning cached containers immediately
[16:48:09] [virtualContainers] Returning cached containers immediately
[16:48:10] [virtualContainers] Returning cached containers immediately
[16:48:11] [virtualContainers] Returning cached containers immediately
[16:48:12] [virtualContainers] Returning cached containers immediately
[16:48:13] [virtualContainers] Returning cached containers immediately
[16:48:14] [virtualContainers] Returning cached containers immediately
[16:48:15] [virtualContainers] Returning cached containers immediately
[16:48:16] [virtualContainers] Returning cached containers immediately
[16:48:17] [virtualContainers] Returning cached containers immediately
[16:48:18] [virtualContainers] Returning cached containers immediately
[16:48:19] [virtualContainers] Returning cached containers immediately
[16:48:20] [virtualContainers] Returning cached containers immediately
[16:48:21] [virtualContainers] Returning cached containers immediately
[16:48:22] [virtualContainers] Returning cached containers immediately
[16:48:23] [virtualContainers] Returning cached containers immediately
[16:48:24] [virtualContainers] Returning cached containers immediately
[16:48:25] [virtualContainers] Returning cached containers immediately
[16:48:26] [virtualContainers] Returning cached containers immediately
[16:48:27] [virtualContainers] Returning cached containers immediately
[16:48:28] [virtualContainers] Returning cached containers immediately
[16:48:29] [virtualContainers] Returning cached containers immediately
[16:48:30] [virtualContainers] Returning cached containers immediately
[16:48:31] [virtualContainers] Returning cached containers immediately
[16:48:32] [virtualContainers] Returning cached containers immediately
[16:48:33] [virtualContainers] Returning cached containers immediately
[16:48:34] [virtualContainers] Returning cached containers immediately
[16:48:35] [virtualContainers] Returning cached containers immediately
[16:48:36] [virtualContainers] Returning cached containers immediately
[16:48:37] [virtualContainers] Returning cached containers immediately
[16:48:38] [virtualContainers] Returning cached containers immediately
[16:48:38] [virtualContainers] Returning cached containers immediately
[16:48:38] [virtualContainers] Returning cached containers immediately
[16:48:48] [virtualContainers] Returning cached containers immediately
[16:48:48] [virtualContainers] Returning cached containers immediately
[16:48:48] [virtualContainers] Returning cached containers immediately
[16:48:48] [virtualContainers] Returning cached containers immediately
[16:48:48] [virtualContainers] Returning cached containers immediately
[16:48:51] [virtualContainers] Returning cached containers immediately
[16:48:51] [virtualContainers] Returning cached containers immediately
[16:48:52] [virtualContainers] Returning cached containers immediately
[16:48:53] [virtualContainers] Returning cached containers immediately
[16:48:54] [virtualContainers] Returning cached containers immediately
[16:48:56] [virtualContainers] Returning cached containers immediately
[16:48:57] [virtualContainers] Returning cached containers immediately
[16:48:58] [virtualContainers] Returning cached containers immediately
[16:48:59] [virtualContainers] Returning cached containers immediately
[16:49:00] [virtualContainers] Returning cached containers immediately
[16:49:01] [virtualContainers] Returning cached containers immediately
[16:49:02] [virtualContainers] Returning cached containers immediately
[16:49:03] [virtualContainers] Returning cached containers immediately
[16:49:04] [virtualContainers] Returning cached containers immediately
[16:49:05] [virtualContainers] Returning cached containers immediately
[16:49:06] [virtualContainers] Returning cached containers immediately
[16:49:07] [virtualContainers] Returning cached containers immediately
[16:49:08] [virtualContainers] Returning cached containers immediately
[16:49:09] [virtualContainers] Returning cached containers immediately
[16:49:10] [virtualContainers] Returning cached containers immediately
[16:49:11] [virtualContainers] Returning cached containers immediately
[16:49:12] [virtualContainers] Returning cached containers immediately
[16:49:13] [virtualContainers] Returning cached containers immediately
[16:49:14] [virtualContainers] Returning cached containers immediately
[16:49:15] [virtualContainers] Returning cached containers immediately
[16:49:16] [virtualContainers] Returning cached containers immediately
[16:49:17] [virtualContainers] Returning cached containers immediately
[16:49:18] [virtualContainers] Returning cached containers immediately
[16:49:19] [virtualContainers] Returning cached containers immediately
[16:49:20] [virtualContainers] Returning cached containers immediately
[16:49:21] [virtualContainers] Returning cached containers immediately
[16:49:22] [virtualContainers] Returning cached containers immediately
[16:49:23] [virtualContainers] Returning cached containers immediately
[16:49:24] [virtualContainers] Returning cached containers immediately
[16:49:25] [virtualContainers] Returning cached containers immediately
[16:49:26] [virtualContainers] Returning cached containers immediately
[16:49:27] [virtualContainers] Returning cached containers immediately
[16:49:28] [virtualContainers] Returning cached containers immediately
[16:49:29] [virtualContainers] Returning cached containers immediately
[16:49:30] [virtualContainers] Returning cached containers immediately
[16:49:31] [virtualContainers] Returning cached containers immediately
[16:49:32] [virtualContainers] Returning cached containers immediately
[16:49:33] [virtualContainers] Returning cached containers immediately
[16:49:34] [virtualContainers] Returning cached containers immediately
[16:49:35] [virtualContainers] Returning cached containers immediately
[16:49:36] [virtualContainers] Returning cached containers immediately
[16:49:37] [virtualContainers] Returning cached containers immediately
[16:49:38] [virtualContainers] Returning cached containers immediately
[16:49:39] [virtualContainers] Returning cached containers immediately
[16:49:40] [virtualContainers] Returning cached containers immediately
[16:49:41] [virtualContainers] Returning cached containers immediately
[16:49:42] [virtualContainers] Returning cached containers immediately
[16:49:43] [virtualContainers] Returning cached containers immediately
[16:49:44] [virtualContainers] Returning cached containers immediately
[16:49:45] [virtualContainers] Returning cached containers immediately
[16:49:46] [virtualContainers] Returning cached containers immediately
[16:49:47] [virtualContainers] Returning cached containers immediately
[16:49:48] [virtualContainers] Returning cached containers immediately
[16:49:49] [virtualContainers] Returning cached containers immediately
[16:49:50] [virtualContainers] Returning cached containers immediately
[16:49:51] [virtualContainers] Returning cached containers immediately
[16:49:52] [virtualContainers] Returning cached containers immediately
[16:49:53] [virtualContainers] Returning cached containers immediately
[16:49:54] [virtualContainers] Returning cached containers immediately
[16:49:55] [virtualContainers] Returning cached containers immediately
[16:49:56] [virtualContainers] Returning cached containers immediately
[16:49:57] [virtualContainers] Returning cached containers immediately
[16:49:58] [virtualContainers] Returning cached containers immediately
[16:49:59] [virtualContainers] Returning cached containers immediately
[16:50:00] [virtualContainers] Returning cached containers immediately
[16:50:01] [virtualContainers] Returning cached containers immediately
[16:50:02] [virtualContainers] Returning cached containers immediately
[16:50:03] [virtualContainers] Returning cached containers immediately
[16:50:04] [virtualContainers] Returning cached containers immediately
[16:50:05] [virtualContainers] Returning cached containers immediately
[16:50:06] [virtualContainers] Returning cached containers immediately
[16:50:07] [virtualContainers] Returning cached containers immediately
[16:50:08] [virtualContainers] Returning cached containers immediately
[16:50:09] [virtualContainers] Returning cached containers immediately
[16:50:10] [virtualContainers] Returning cached containers immediately
[16:50:11] [virtualContainers] Returning cached containers immediately
[16:50:12] [virtualContainers] Returning cached containers immediately
[16:50:13] [virtualContainers] Returning cached containers immediately
[16:50:14] [virtualContainers] Returning cached containers immediately
[16:50:15] [virtualContainers] Returning cached containers immediately
[16:50:16] [virtualContainers] Returning cached containers immediately
[16:50:17] [virtualContainers] Returning cached containers immediately
[16:50:18] [virtualContainers] Returning cached containers immediately
[16:50:19] [virtualContainers] Returning cached containers immediately
[16:50:20] [virtualContainers] Returning cached containers immediately
[16:50:21] [virtualContainers] Returning cached containers immediately
[16:50:22] [virtualContainers] Returning cached containers immediately
[16:50:23] [virtualContainers] Returning cached containers immediately
[16:50:24] [virtualContainers] Returning cached containers immediately
[16:50:25] [virtualContainers] Returning cached containers immediately
[16:50:26] [virtualContainers] Returning cached containers immediately
[16:50:27] [virtualContainers] Returning cached containers immediately
[16:50:28] [virtualContainers] Returning cached containers immediately
[16:50:29] [virtualContainers] Returning cached containers immediately
[16:50:30] [virtualContainers] Returning cached containers immediately
[16:50:31] [virtualContainers] Returning cached containers immediately
[16:50:32] [virtualContainers] Returning cached containers immediately
[16:50:33] [virtualContainers] Returning cached containers immediately
[16:50:34] [virtualContainers] Returning cached containers immediately
[16:50:35] [virtualContainers] Returning cached containers immediately
[16:50:36] [virtualContainers] Returning cached containers immediately
[16:50:37] [virtualContainers] Returning cached containers immediately
[16:50:38] [virtualContainers] Returning cached containers immediately
[16:50:39] [virtualContainers] Returning cached containers immediately
[16:50:40] [virtualContainers] Returning cached containers immediately
[16:50:41] [virtualContainers] Returning cached containers immediately
[16:50:42] [virtualContainers] Returning cached containers immediately
[16:50:43] [virtualContainers] Returning cached containers immediately
[16:50:44] [virtualContainers] Returning cached containers immediately
[16:50:45] [virtualContainers] Returning cached containers immediately
[16:50:46] [virtualContainers] Returning cached containers immediately
[16:50:47] [virtualContainers] Returning cached containers immediately
[16:50:48] [virtualContainers] Returning cached containers immediately
[16:50:49] [virtualContainers] Returning cached containers immediately
[16:50:50] [virtualContainers] Returning cached containers immediately
[16:50:51] [virtualContainers] Returning cached containers immediately
[16:50:52] [virtualContainers] Returning cached containers immediately
[16:50:53] [virtualContainers] Returning cached containers immediately
[16:50:54] [virtualContainers] Returning cached containers immediately
[16:50:55] [virtualContainers] Returning cached containers immediately
[16:50:56] [virtualContainers] Returning cached containers immediately
[16:50:57] [virtualContainers] Returning cached containers immediately
[16:50:58] [virtualContainers] Returning cached containers immediately
[16:50:59] [virtualContainers] Returning cached containers immediately
[16:51:00] [virtualContainers] Returning cached containers immediately
[16:51:01] [virtualContainers] Returning cached containers immediately
[16:51:02] [virtualContainers] Returning cached containers immediately
[16:51:03] [virtualContainers] Returning cached containers immediately
[16:51:04] [virtualContainers] Returning cached containers immediately
[16:51:05] [virtualContainers] Returning cached containers immediately
[16:51:06] [virtualContainers] Returning cached containers immediately
[16:51:07] [virtualContainers] Returning cached containers immediately
[16:51:08] [virtualContainers] Returning cached containers immediately
[16:51:09] [virtualContainers] Returning cached containers immediately
[16:51:10] [virtualContainers] Returning cached containers immediately
[16:51:11] [virtualContainers] Returning cached containers immediately
[16:51:12] [virtualContainers] Returning cached containers immediately
[16:51:13] [virtualContainers] Returning cached containers immediately
[16:51:14] [virtualContainers] Returning cached containers immediately
[16:51:15] [virtualContainers] Returning cached containers immediately
[16:51:16] [virtualContainers] Returning cached containers immediately
[16:51:17] [virtualContainers] Returning cached containers immediately
[16:51:18] [virtualContainers] Returning cached containers immediately
[16:51:19] [virtualContainers] Returning cached containers immediately
[16:51:20] [virtualContainers] Returning cached containers immediately
[16:51:21] [virtualContainers] Returning cached containers immediately
[16:51:22] [virtualContainers] Returning cached containers immediately
[16:51:23] [virtualContainers] Returning cached containers immediately
[16:51:24] [virtualContainers] Returning cached containers immediately
[16:51:25] [virtualContainers] Returning cached containers immediately
[16:51:26] [virtualContainers] Returning cached containers immediately
[16:51:27] [virtualContainers] Returning cached containers immediately
[16:51:28] [virtualContainers] Returning cached containers immediately
[16:51:29] [virtualContainers] Returning cached containers immediately
[16:51:30] [virtualContainers] Returning cached containers immediately
[16:51:31] [virtualContainers] Returning cached containers immediately
[16:51:32] [virtualContainers] Returning cached containers immediately
[16:51:33] [virtualContainers] Returning cached containers immediately
[16:51:34] [virtualContainers] Returning cached containers immediately
[16:51:35] [virtualContainers] Returning cached containers immediately
[16:51:36] [virtualContainers] Returning cached containers immediately
[16:51:37] [virtualContainers] Returning cached containers immediately
[16:51:38] [virtualContainers] Returning cached containers immediately
[16:51:39] [virtualContainers] Returning cached containers immediately
[16:51:40] [virtualContainers] Returning cached containers immediately
[16:51:41] [virtualContainers] Returning cached containers immediately
[16:51:42] [virtualContainers] Returning cached containers immediately
[16:51:43] [virtualContainers] Returning cached containers immediately
[16:51:44] [virtualContainers] Returning cached containers immediately
[16:51:45] [virtualContainers] Returning cached containers immediately
[16:51:46] [virtualContainers] Returning cached containers immediately
[16:51:47] [virtualContainers] Returning cached containers immediately
[16:51:48] [virtualContainers] Returning cached containers immediately
[16:51:49] [virtualContainers] Returning cached containers immediately
[16:51:50] [virtualContainers] Returning cached containers immediately
[16:51:51] [virtualContainers] Returning cached containers immediately
[16:51:52] [virtualContainers] Returning cached containers immediately
[16:51:53] [virtualContainers] Returning cached containers immediately
[16:51:54] [virtualContainers] Returning cached containers immediately
[16:51:55] [virtualContainers] Returning cached containers immediately
[16:51:56] [virtualContainers] Returning cached containers immediately
[16:51:57] [virtualContainers] Returning cached containers immediately
[16:51:58] [virtualContainers] Returning cached containers immediately
[16:51:59] [virtualContainers] Returning cached containers immediately
[16:52:00] [virtualContainers] Returning cached containers immediately
[16:52:01] [virtualContainers] Returning cached containers immediately
[16:52:02] [virtualContainers] Returning cached containers immediately
[16:52:03] [virtualContainers] Returning cached containers immediately
[16:52:04] [virtualContainers] Returning cached containers immediately
[16:52:05] [virtualContainers] Returning cached containers immediately
[16:52:06] [virtualContainers] Returning cached containers immediately
[16:52:07] [virtualContainers] Returning cached containers immediately
[16:52:08] [virtualContainers] Returning cached containers immediately
[16:52:09] [virtualContainers] Returning cached containers immediately
[16:52:10] [virtualContainers] Returning cached containers immediately
[16:52:11] [virtualContainers] Returning cached containers immediately
[16:52:12] [virtualContainers] Returning cached containers immediately
[16:52:13] [virtualContainers] Returning cached containers immediately
[16:52:14] [virtualContainers] Returning cached containers immediately
[16:52:14] [virtualContainers] Returning cached containers immediately
[16:52:40] [virtualContainers] Returning cached containers immediately
[16:52:40] [virtualContainers] Returning cached containers immediately
[16:52:40] [virtualContainers] Returning cached containers immediately
[16:52:40] [virtualContainers] Returning cached containers immediately
[16:52:40] [virtualContainers] Returning cached containers immediately
[16:52:42] [virtualContainers] Returning cached containers immediately
[16:52:42] [virtualContainers] Returning cached containers immediately
[16:52:43] [virtualContainers] Returning cached containers immediately
[16:52:44] [virtualContainers] Returning cached containers immediately
[16:52:45] [virtualContainers] Returning cached containers immediately
[16:52:46] [virtualContainers] Returning cached containers immediately
[16:52:47] [virtualContainers] Returning cached containers immediately
[16:52:48] [virtualContainers] Returning cached containers immediately
[16:52:49] [virtualContainers] Returning cached containers immediately
[16:52:50] [virtualContainers] Returning cached containers immediately
[16:52:51] [virtualContainers] Returning cached containers immediately
[16:52:52] [virtualContainers] Returning cached containers immediately
[16:52:53] [virtualContainers] Returning cached containers immediately
[16:52:54] [virtualContainers] Returning cached containers immediately
[16:52:55] [virtualContainers] Returning cached containers immediately
[16:52:56] [virtualContainers] Returning cached containers immediately
[16:52:57] [virtualContainers] Returning cached containers immediately
[16:52:58] [virtualContainers] Returning cached containers immediately
[16:52:59] [virtualContainers] Returning cached containers immediately
[16:53:00] [virtualContainers] Returning cached containers immediately
[16:53:01] [virtualContainers] Returning cached containers immediately
[16:53:02] [virtualContainers] Returning cached containers immediately
[16:53:03] [virtualContainers] Returning cached containers immediately
[16:53:04] [virtualContainers] Returning cached containers immediately
[16:53:05] [virtualContainers] Returning cached containers immediately
[16:53:06] [virtualContainers] Returning cached containers immediately
[16:53:07] [virtualContainers] Returning cached containers immediately
[16:53:08] [virtualContainers] Returning cached containers immediately
[16:53:09] [virtualContainers] Returning cached containers immediately
[16:53:10] [virtualContainers] Returning cached containers immediately
[16:53:11] [virtualContainers] Returning cached containers immediately
[16:53:12] [virtualContainers] Returning cached containers immediately
[16:53:13] [virtualContainers] Returning cached containers immediately
[16:53:14] [virtualContainers] Returning cached containers immediately
[16:53:15] [virtualContainers] Returning cached containers immediately
[16:53:16] [virtualContainers] Returning cached containers immediately
[16:53:17] [virtualContainers] Returning cached containers immediately
[16:53:18] [virtualContainers] Returning cached containers immediately
[16:53:19] [virtualContainers] Returning cached containers immediately
[16:53:20] [virtualContainers] Returning cached containers immediately
[16:53:21] [virtualContainers] Returning cached containers immediately
[16:53:22] [virtualContainers] Returning cached containers immediately
[16:53:23] [virtualContainers] Returning cached containers immediately
[16:53:24] [virtualContainers] Returning cached containers immediately
[16:53:25] [virtualContainers] Returning cached containers immediately
[16:53:26] [virtualContainers] Returning cached containers immediately
[16:53:27] [virtualContainers] Returning cached containers immediately
[16:53:28] [virtualContainers] Returning cached containers immediately
[16:53:29] [virtualContainers] Returning cached containers immediately
[16:53:30] [virtualContainers] Returning cached containers immediately
[16:53:31] [virtualContainers] Returning cached containers immediately
[16:53:32] [virtualContainers] Returning cached containers immediately
[16:53:33] [virtualContainers] Returning cached containers immediately
[16:53:34] [virtualContainers] Returning cached containers immediately
[16:53:35] [virtualContainers] Returning cached containers immediately
[16:53:36] [virtualContainers] Returning cached containers immediately
[16:53:37] [virtualContainers] Returning cached containers immediately
[16:53:38] [virtualContainers] Returning cached containers immediately
[16:53:39] [virtualContainers] Returning cached containers immediately
[16:53:40] [virtualContainers] Returning cached containers immediately
[16:53:41] [virtualContainers] Returning cached containers immediately
[16:53:42] [virtualContainers] Returning cached containers immediately
[16:53:43] [virtualContainers] Returning cached containers immediately
[16:53:44] [virtualContainers] Returning cached containers immediately
[16:53:45] [virtualContainers] Returning cached containers immediately
[16:53:46] [virtualContainers] Returning cached containers immediately
[16:53:47] [virtualContainers] Returning cached containers immediately
[16:53:48] [virtualContainers] Returning cached containers immediately
[16:53:49] [virtualContainers] Returning cached containers immediately
[16:53:50] [virtualContainers] Returning cached containers immediately
[16:53:51] [virtualContainers] Returning cached containers immediately
[16:53:52] [virtualContainers] Returning cached containers immediately
[16:53:53] [virtualContainers] Returning cached containers immediately
[16:53:54] [virtualContainers] Returning cached containers immediately
[16:53:55] [virtualContainers] Returning cached containers immediately
[16:53:56] [virtualContainers] Returning cached containers immediately
[16:53:57] [virtualContainers] Returning cached containers immediately
[16:53:58] [virtualContainers] Returning cached containers immediately
[16:53:59] [virtualContainers] Returning cached containers immediately
[16:54:00] [virtualContainers] Returning cached containers immediately
[16:54:01] [virtualContainers] Returning cached containers immediately
[16:54:02] [virtualContainers] Returning cached containers immediately
[16:54:03] [virtualContainers] Returning cached containers immediately
[16:54:04] [virtualContainers] Returning cached containers immediately
[16:54:05] [virtualContainers] Returning cached containers immediately
[16:54:06] [virtualContainers] Returning cached containers immediately
[16:54:07] [virtualContainers] Returning cached containers immediately
[16:54:08] [virtualContainers] Returning cached containers immediately
[16:54:09] [virtualContainers] Returning cached containers immediately
[16:54:10] [virtualContainers] Returning cached containers immediately
[16:54:11] [virtualContainers] Returning cached containers immediately
[16:54:12] [virtualContainers] Returning cached containers immediately
[16:54:13] [virtualContainers] Returning cached containers immediately
[16:54:14] [virtualContainers] Returning cached containers immediately
[16:54:15] [virtualContainers] Returning cached containers immediately
[16:54:16] [virtualContainers] Returning cached containers immediately
[16:54:17] [virtualContainers] Returning cached containers immediately
[16:54:18] [virtualContainers] Returning cached containers immediately
[16:54:19] [virtualContainers] Returning cached containers immediately
[16:54:20] [virtualContainers] Returning cached containers immediately
[16:54:21] [virtualContainers] Returning cached containers immediately
[16:54:22] [virtualContainers] Returning cached containers immediately
[16:54:23] [virtualContainers] Returning cached containers immediately
[16:54:24] [virtualContainers] Returning cached containers immediately
[16:54:25] [virtualContainers] Returning cached containers immediately
[16:54:26] [virtualContainers] Returning cached containers immediately
[16:54:27] [virtualContainers] Returning cached containers immediately
[16:54:28] [virtualContainers] Returning cached containers immediately
[16:54:29] [virtualContainers] Returning cached containers immediately
[16:54:30] [virtualContainers] Returning cached containers immediately
[16:54:31] [virtualContainers] Returning cached containers immediately
[16:54:32] [virtualContainers] Returning cached containers immediately
[16:54:33] [virtualContainers] Returning cached containers immediately
[16:54:34] [virtualContainers] Returning cached containers immediately
[16:54:35] [virtualContainers] Returning cached containers immediately
[16:54:36] [virtualContainers] Returning cached containers immediately
[16:54:37] [virtualContainers] Returning cached containers immediately
[16:54:38] [virtualContainers] Returning cached containers immediately
[16:54:39] [virtualContainers] Returning cached containers immediately
[16:54:40] [virtualContainers] Returning cached containers immediately
[16:54:41] [virtualContainers] Returning cached containers immediately
[16:54:42] [virtualContainers] Returning cached containers immediately
[16:54:43] [virtualContainers] Returning cached containers immediately
[16:54:44] [virtualContainers] Returning cached containers immediately
[16:54:45] [virtualContainers] Returning cached containers immediately
[16:54:46] [virtualContainers] Returning cached containers immediately
[16:54:47] [virtualContainers] Returning cached containers immediately
[16:54:48] [virtualContainers] Returning cached containers immediately
[16:54:49] [virtualContainers] Returning cached containers immediately
[16:54:50] [virtualContainers] Returning cached containers immediately
[16:54:51] [virtualContainers] Returning cached containers immediately
[16:54:52] [virtualContainers] Returning cached containers immediately
[16:54:53] [virtualContainers] Returning cached containers immediately
[16:54:54] [virtualContainers] Returning cached containers immediately
[16:54:55] [virtualContainers] Returning cached containers immediately
[16:54:56] [virtualContainers] Returning cached containers immediately
[16:54:57] [virtualContainers] Returning cached containers immediately
[16:54:58] [virtualContainers] Returning cached containers immediately
[16:54:59] [virtualContainers] Returning cached containers immediately
[16:55:00] [virtualContainers] Returning cached containers immediately
[16:55:01] [virtualContainers] Returning cached containers immediately
[16:55:02] [virtualContainers] Returning cached containers immediately
[16:55:03] [virtualContainers] Returning cached containers immediately
[16:55:04] [virtualContainers] Returning cached containers immediately
[16:55:05] [virtualContainers] Returning cached containers immediately
[16:55:06] [virtualContainers] Returning cached containers immediately
[16:55:11] [virtualContainers] Returning cached containers immediately
[16:55:12] [virtualContainers] Returning cached containers immediately
[16:55:13] [virtualContainers] Returning cached containers immediately
[16:55:14] [virtualContainers] Returning cached containers immediately
[16:55:15] [virtualContainers] Returning cached containers immediately
[16:55:16] [virtualContainers] Returning cached containers immediately
[16:55:17] [virtualContainers] Returning cached containers immediately
[16:55:18] [virtualContainers] Returning cached containers immediately
[16:55:19] [virtualContainers] Returning cached containers immediately
[16:55:20] [virtualContainers] Returning cached containers immediately
[16:55:21] [virtualContainers] Returning cached containers immediately
[16:55:22] [virtualContainers] Returning cached containers immediately
[16:55:23] [virtualContainers] Returning cached containers immediately
[16:55:24] [virtualContainers] Returning cached containers immediately
[16:55:25] [virtualContainers] Returning cached containers immediately
[16:55:26] [virtualContainers] Returning cached containers immediately
[16:55:27] [virtualContainers] Returning cached containers immediately
[16:55:28] [virtualContainers] Returning cached containers immediately
[16:55:29] [virtualContainers] Returning cached containers immediately
[16:55:30] [virtualContainers] Returning cached containers immediately
[16:55:31] [virtualContainers] Returning cached containers immediately
[16:55:32] [virtualContainers] Returning cached containers immediately
[16:55:33] [virtualContainers] Returning cached containers immediately
[16:55:34] [virtualContainers] Returning cached containers immediately
[16:55:35] [virtualContainers] Returning cached containers immediately
[16:55:36] [virtualContainers] Returning cached containers immediately
[16:55:37] [virtualContainers] Returning cached containers immediately
[16:55:38] [virtualContainers] Returning cached containers immediately
[16:55:39] [virtualContainers] Returning cached containers immediately
[16:55:43] [virtualContainers] Returning cached containers immediately
[16:55:47] [virtualContainers] Returning cached containers immediately
[16:55:49] [virtualContainers] Returning cached containers immediately
[16:55:50] [virtualContainers] Returning cached containers immediately
[16:55:51] [virtualContainers] Returning cached containers immediately
[16:55:52] [virtualContainers] Returning cached containers immediately
[16:55:53] [virtualContainers] Returning cached containers immediately
[16:55:54] [virtualContainers] Returning cached containers immediately
[16:55:55] [virtualContainers] Returning cached containers immediately
[16:56:02] [virtualContainers] Returning cached containers immediately
[16:56:03] [virtualContainers] Returning cached containers immediately
[16:56:08] [virtualContainers] Returning cached containers immediately
[16:56:09] [virtualContainers] Returning cached containers immediately
[16:56:10] [virtualContainers] Returning cached containers immediately
[16:56:11] [virtualContainers] Returning cached containers immediately
[16:56:12] [virtualContainers] Returning cached containers immediately
[16:56:13] [virtualContainers] Returning cached containers immediately
[16:56:14] [virtualContainers] Returning cached containers immediately
[16:56:15] [virtualContainers] Returning cached containers immediately
[16:56:16] [virtualContainers] Returning cached containers immediately
[16:56:17] [virtualContainers] Returning cached containers immediately
[16:56:18] [virtualContainers] Returning cached containers immediately
[16:56:19] [virtualContainers] Returning cached containers immediately
[16:56:20] [virtualContainers] Returning cached containers immediately
[16:56:22] [virtualContainers] Returning cached containers immediately
[16:56:23] [virtualContainers] Returning cached containers immediately
[16:56:24] [virtualContainers] Returning cached containers immediately
[16:56:26] [virtualContainers] Returning cached containers immediately
[16:56:27] [virtualContainers] Returning cached containers immediately
[16:56:28] [virtualContainers] Returning cached containers immediately
[16:56:29] [virtualContainers] Returning cached containers immediately
[16:56:30] [virtualContainers] Returning cached containers immediately
[16:56:31] [virtualContainers] Returning cached containers immediately
[16:56:32] [virtualContainers] Returning cached containers immediately
[16:56:33] [virtualContainers] Returning cached containers immediately
[16:56:34] [virtualContainers] Returning cached containers immediately
[16:56:35] [virtualContainers] Returning cached containers immediately
[16:56:36] [virtualContainers] Returning cached containers immediately
[16:56:37] [virtualContainers] Returning cached containers immediately
[16:56:38] [virtualContainers] Returning cached containers immediately
[16:56:39] [virtualContainers] Returning cached containers immediately
[16:56:40] [virtualContainers] Returning cached containers immediately
[16:56:41] [virtualContainers] Returning cached containers immediately
[16:56:42] [virtualContainers] Returning cached containers immediately
[16:56:43] [virtualContainers] Returning cached containers immediately
[16:56:44] [virtualContainers] Returning cached containers immediately
[16:56:45] [virtualContainers] Returning cached containers immediately
[16:56:46] [virtualContainers] Returning cached containers immediately
[16:56:47] [virtualContainers] Returning cached containers immediately
[16:56:48] [virtualContainers] Returning cached containers immediately
[16:56:49] [virtualContainers] Returning cached containers immediately
[16:56:50] [virtualContainers] Returning cached containers immediately
[16:56:51] [virtualContainers] Returning cached containers immediately
[16:56:52] [virtualContainers] Returning cached containers immediately
[16:56:53] [virtualContainers] Returning cached containers immediately
[16:56:54] [virtualContainers] Returning cached containers immediately
[16:56:55] [virtualContainers] Returning cached containers immediately
[16:56:56] [virtualContainers] Returning cached containers immediately
[16:56:57] [virtualContainers] Returning cached containers immediately
[16:56:58] [virtualContainers] Returning cached containers immediately
[16:56:59] [virtualContainers] Returning cached containers immediately
[16:57:00] [virtualContainers] Returning cached containers immediately
[16:57:01] [virtualContainers] Returning cached containers immediately
[16:57:02] [virtualContainers] Returning cached containers immediately
[16:57:03] [virtualContainers] Returning cached containers immediately
[16:57:04] [virtualContainers] Returning cached containers immediately
[16:57:05] [virtualContainers] Returning cached containers immediately
[16:57:06] [virtualContainers] Returning cached containers immediately
[16:57:07] [virtualContainers] Returning cached containers immediately
[16:57:08] [virtualContainers] Returning cached containers immediately
[16:57:09] [virtualContainers] Returning cached containers immediately
[16:57:10] [virtualContainers] Returning cached containers immediately
[16:57:11] [virtualContainers] Returning cached containers immediately
[16:57:12] [virtualContainers] Returning cached containers immediately
[16:57:13] [virtualContainers] Returning cached containers immediately
[16:57:14] [virtualContainers] Returning cached containers immediately
[16:57:15] [virtualContainers] Returning cached containers immediately
[16:57:16] [virtualContainers] Returning cached containers immediately
[16:57:17] [virtualContainers] Returning cached containers immediately
[16:57:18] [virtualContainers] Returning cached containers immediately
[16:57:19] [virtualContainers] Returning cached containers immediately
[16:57:20] [virtualContainers] Returning cached containers immediately
[16:57:21] [virtualContainers] Returning cached containers immediately
[16:57:22] [virtualContainers] Returning cached containers immediately
[16:57:23] [virtualContainers] Returning cached containers immediately
[16:57:24] [virtualContainers] Returning cached containers immediately
[16:57:25] [virtualContainers] Returning cached containers immediately
[16:57:26] [virtualContainers] Returning cached containers immediately
[16:57:27] [virtualContainers] Returning cached containers immediately
[16:57:28] [virtualContainers] Returning cached containers immediately
[16:57:29] [virtualContainers] Returning cached containers immediately
[16:57:30] [virtualContainers] Returning cached containers immediately
[16:57:31] [virtualContainers] Returning cached containers immediately
[16:57:32] [virtualContainers] Returning cached containers immediately
[16:57:33] [virtualContainers] Returning cached containers immediately
[16:57:34] [virtualContainers] Returning cached containers immediately
[16:57:35] [virtualContainers] Returning cached containers immediately
[16:57:36] [virtualContainers] Returning cached containers immediately
[16:57:37] [virtualContainers] Returning cached containers immediately
[16:57:38] [virtualContainers] Returning cached containers immediately
[16:57:39] [virtualContainers] Returning cached containers immediately
[16:57:40] [virtualContainers] Returning cached containers immediately
[16:57:41] [virtualContainers] Returning cached containers immediately
[16:57:42] [virtualContainers] Returning cached containers immediately
[16:57:43] [virtualContainers] Returning cached containers immediately
[16:57:44] [virtualContainers] Returning cached containers immediately
[16:57:45] [virtualContainers] Returning cached containers immediately
[16:57:46] [virtualContainers] Returning cached containers immediately
[16:57:47] [virtualContainers] Returning cached containers immediately
[16:57:48] [virtualContainers] Returning cached containers immediately
[16:57:49] [virtualContainers] Returning cached containers immediately
[16:57:50] [virtualContainers] Returning cached containers immediately
[16:57:51] [virtualContainers] Returning cached containers immediately
[16:57:52] [virtualContainers] Returning cached containers immediately
[16:57:53] [virtualContainers] Returning cached containers immediately
[16:57:54] [virtualContainers] Returning cached containers immediately
[16:57:55] [virtualContainers] Returning cached containers immediately
[16:57:56] [virtualContainers] Returning cached containers immediately
[16:57:57] [virtualContainers] Returning cached containers immediately
[16:57:58] [virtualContainers] Returning cached containers immediately
[16:57:59] [virtualContainers] Returning cached containers immediately
[16:58:00] [virtualContainers] Returning cached containers immediately
[16:58:01] [virtualContainers] Returning cached containers immediately
[16:58:02] [virtualContainers] Returning cached containers immediately
[16:58:03] [virtualContainers] Returning cached containers immediately
[16:58:04] [virtualContainers] Returning cached containers immediately
[16:58:05] [virtualContainers] Returning cached containers immediately
[16:58:06] [virtualContainers] Returning cached containers immediately
[16:58:07] [virtualContainers] Returning cached containers immediately
[16:58:08] [virtualContainers] Returning cached containers immediately
[16:58:09] [virtualContainers] Returning cached containers immediately
[16:58:10] [virtualContainers] Returning cached containers immediately
[16:58:11] [virtualContainers] Returning cached containers immediately
[16:58:12] [virtualContainers] Returning cached containers immediately
[16:58:13] [virtualContainers] Returning cached containers immediately
[16:58:14] [virtualContainers] Returning cached containers immediately
[16:58:15] [virtualContainers] Returning cached containers immediately
[16:58:16] [virtualContainers] Returning cached containers immediately
[16:58:17] [virtualContainers] Returning cached containers immediately
[16:58:18] [virtualContainers] Returning cached containers immediately
[16:58:19] [virtualContainers] Returning cached containers immediately
[16:58:20] [virtualContainers] Returning cached containers immediately
[16:58:21] [virtualContainers] Returning cached containers immediately
[16:58:22] [virtualContainers] Returning cached containers immediately
[16:58:23] [virtualContainers] Returning cached containers immediately
[16:58:24] [virtualContainers] Returning cached containers immediately
[16:58:25] [virtualContainers] Returning cached containers immediately
[16:58:26] [virtualContainers] Returning cached containers immediately
[16:58:27] [virtualContainers] Returning cached containers immediately
[16:58:28] [virtualContainers] Returning cached containers immediately
[16:58:29] [virtualContainers] Returning cached containers immediately
[16:58:30] [virtualContainers] Returning cached containers immediately
[16:58:31] [virtualContainers] Returning cached containers immediately
[16:58:32] [virtualContainers] Returning cached containers immediately
[16:58:33] [virtualContainers] Returning cached containers immediately
[16:58:34] [virtualContainers] Returning cached containers immediately
[16:58:35] [virtualContainers] Returning cached containers immediately
[16:58:36] [virtualContainers] Returning cached containers immediately
[16:58:37] [virtualContainers] Returning cached containers immediately
[16:58:38] [virtualContainers] Returning cached containers immediately
[16:58:39] [virtualContainers] Returning cached containers immediately
[16:58:40] [virtualContainers] Returning cached containers immediately
[16:58:41] [virtualContainers] Returning cached containers immediately
[16:58:42] [virtualContainers] Returning cached containers immediately
[16:58:43] [virtualContainers] Returning cached containers immediately
[16:58:44] [virtualContainers] Returning cached containers immediately
[16:58:45] [virtualContainers] Returning cached containers immediately
[16:58:46] [virtualContainers] Returning cached containers immediately
[16:58:47] [virtualContainers] Returning cached containers immediately
[16:58:48] [virtualContainers] Returning cached containers immediately
[16:58:49] [virtualContainers] Returning cached containers immediately
[16:58:50] [virtualContainers] Returning cached containers immediately
[16:58:51] [virtualContainers] Returning cached containers immediately
[16:58:52] [virtualContainers] Returning cached containers immediately
[16:58:53] [virtualContainers] Returning cached containers immediately
[16:58:54] [virtualContainers] Returning cached containers immediately
[16:58:55] [virtualContainers] Returning cached containers immediately
[16:58:56] [virtualContainers] Returning cached containers immediately
[16:58:57] [virtualContainers] Returning cached containers immediately
[16:58:58] [virtualContainers] Returning cached containers immediately
[16:58:59] [virtualContainers] Returning cached containers immediately
[16:59:00] [virtualContainers] Returning cached containers immediately
[16:59:01] [virtualContainers] Returning cached containers immediately
[16:59:02] [virtualContainers] Returning cached containers immediately
[16:59:03] [virtualContainers] Returning cached containers immediately
[16:59:04] [virtualContainers] Returning cached containers immediately
[16:59:05] [virtualContainers] Returning cached containers immediately
[16:59:06] [virtualContainers] Returning cached containers immediately
[16:59:07] [virtualContainers] Returning cached containers immediately
[16:59:08] [virtualContainers] Returning cached containers immediately
[16:59:09] [virtualContainers] Returning cached containers immediately
[16:59:10] [virtualContainers] Returning cached containers immediately
[16:59:11] [virtualContainers] Returning cached containers immediately
[16:59:12] [virtualContainers] Returning cached containers immediately
[16:59:13] [virtualContainers] Returning cached containers immediately
[16:59:14] [virtualContainers] Returning cached containers immediately
[16:59:15] [virtualContainers] Returning cached containers immediately
[16:59:16] [virtualContainers] Returning cached containers immediately
[16:59:17] [virtualContainers] Returning cached containers immediately
[16:59:18] [virtualContainers] Returning cached containers immediately
[16:59:19] [virtualContainers] Returning cached containers immediately
[16:59:20] [virtualContainers] Returning cached containers immediately
[16:59:21] [virtualContainers] Returning cached containers immediately
[16:59:22] [virtualContainers] Returning cached containers immediately
[16:59:23] [virtualContainers] Returning cached containers immediately
[16:59:24] [virtualContainers] Returning cached containers immediately
[16:59:25] [virtualContainers] Returning cached containers immediately
[16:59:26] [virtualContainers] Returning cached containers immediately
[16:59:27] [virtualContainers] Returning cached containers immediately
[16:59:28] [virtualContainers] Returning cached containers immediately
[16:59:29] [virtualContainers] Returning cached containers immediately
[16:59:30] [virtualContainers] Returning cached containers immediately
[16:59:31] [virtualContainers] Returning cached containers immediately
[16:59:32] [virtualContainers] Returning cached containers immediately
[16:59:33] [virtualContainers] Returning cached containers immediately
[16:59:34] [virtualContainers] Returning cached containers immediately
[16:59:35] [virtualContainers] Returning cached containers immediately
[16:59:36] [virtualContainers] Returning cached containers immediately
[16:59:37] [virtualContainers] Returning cached containers immediately
[16:59:38] [virtualContainers] Returning cached containers immediately
[16:59:39] [virtualContainers] Returning cached containers immediately
[16:59:40] [virtualContainers] Returning cached containers immediately
[16:59:41] [virtualContainers] Returning cached containers immediately
[16:59:42] [virtualContainers] Returning cached containers immediately
[16:59:43] [virtualContainers] Returning cached containers immediately
[16:59:44] [virtualContainers] Returning cached containers immediately
[16:59:45] [virtualContainers] Returning cached containers immediately
[16:59:46] [virtualContainers] Returning cached containers immediately
[16:59:47] [virtualContainers] Returning cached containers immediately
[16:59:48] [virtualContainers] Returning cached containers immediately
[16:59:49] [virtualContainers] Returning cached containers immediately
[16:59:50] [virtualContainers] Returning cached containers immediately
[16:59:51] [virtualContainers] Returning cached containers immediately
[16:59:52] [virtualContainers] Returning cached containers immediately
[16:59:53] [virtualContainers] Returning cached containers immediately
[16:59:54] [virtualContainers] Returning cached containers immediately
[16:59:55] [virtualContainers] Returning cached containers immediately
[16:59:56] [virtualContainers] Returning cached containers immediately
[16:59:57] [virtualContainers] Returning cached containers immediately
[16:59:58] [virtualContainers] Returning cached containers immediately
[16:59:59] [virtualContainers] Returning cached containers immediately
[17:00:00] [virtualContainers] Returning cached containers immediately
[17:00:01] [virtualContainers] Returning cached containers immediately
[17:00:02] [virtualContainers] Returning cached containers immediately
[17:00:03] [virtualContainers] Returning cached containers immediately
[17:00:04] [virtualContainers] Returning cached containers immediately
[17:00:05] [virtualContainers] Returning cached containers immediately
[17:00:06] [virtualContainers] Returning cached containers immediately
[17:00:07] [virtualContainers] Returning cached containers immediately
[17:00:08] [virtualContainers] Returning cached containers immediately
[17:00:09] [virtualContainers] Returning cached containers immediately
[17:00:10] [virtualContainers] Returning cached containers immediately
[17:00:11] [virtualContainers] Returning cached containers immediately
[17:00:12] [virtualContainers] Returning cached containers immediately
[17:00:13] [virtualContainers] Returning cached containers immediately
[17:00:14] [virtualContainers] Returning cached containers immediately
[17:00:15] [virtualContainers] Returning cached containers immediately
[17:00:16] [virtualContainers] Returning cached containers immediately
[17:00:17] [virtualContainers] Returning cached containers immediately
[17:00:18] [virtualContainers] Returning cached containers immediately
[17:00:19] [virtualContainers] Returning cached containers immediately
[17:00:20] [virtualContainers] Returning cached containers immediately
[17:00:21] [virtualContainers] Returning cached containers immediately
[17:00:22] [virtualContainers] Returning cached containers immediately
[17:00:23] [virtualContainers] Returning cached containers immediately
[17:00:24] [virtualContainers] Returning cached containers immediately
[17:00:25] [virtualContainers] Returning cached containers immediately
[17:00:26] [virtualContainers] Returning cached containers immediately
[17:00:27] [virtualContainers] Returning cached containers immediately
[17:00:28] [virtualContainers] Returning cached containers immediately
[17:00:29] [virtualContainers] Returning cached containers immediately
[17:00:30] [virtualContainers] Returning cached containers immediately
[17:00:31] [virtualContainers] Returning cached containers immediately
[17:00:32] [virtualContainers] Returning cached containers immediately
[17:00:33] [virtualContainers] Returning cached containers immediately
[17:00:34] [virtualContainers] Returning cached containers immediately
[17:00:35] [virtualContainers] Returning cached containers immediately
[17:00:36] [virtualContainers] Returning cached containers immediately
[17:00:37] [virtualContainers] Returning cached containers immediately
[17:00:38] [virtualContainers] Returning cached containers immediately
[17:00:39] [virtualContainers] Returning cached containers immediately
[17:00:40] [virtualContainers] Returning cached containers immediately
[17:00:41] [virtualContainers] Returning cached containers immediately
[17:00:42] [virtualContainers] Returning cached containers immediately
[17:00:43] [virtualContainers] Returning cached containers immediately
[17:00:44] [virtualContainers] Returning cached containers immediately
[17:00:45] [virtualContainers] Returning cached containers immediately
[17:00:46] [virtualContainers] Returning cached containers immediately
[17:00:47] [virtualContainers] Returning cached containers immediately
[17:00:48] [virtualContainers] Returning cached containers immediately
[17:00:49] [virtualContainers] Returning cached containers immediately
[17:00:50] [virtualContainers] Returning cached containers immediately
[17:00:51] [virtualContainers] Returning cached containers immediately
[17:00:52] [virtualContainers] Returning cached containers immediately
[17:00:53] [virtualContainers] Returning cached containers immediately
[17:00:54] [virtualContainers] Returning cached containers immediately
[17:00:55] [virtualContainers] Returning cached containers immediately
[17:00:56] [virtualContainers] Returning cached containers immediately
[17:00:57] [virtualContainers] Returning cached containers immediately
[17:00:58] [virtualContainers] Returning cached containers immediately
[17:00:59] [virtualContainers] Returning cached containers immediately
[17:01:00] [virtualContainers] Returning cached containers immediately
[17:01:01] [virtualContainers] Returning cached containers immediately
[17:01:02] [virtualContainers] Returning cached containers immediately
[17:01:03] [virtualContainers] Returning cached containers immediately
[17:01:04] [virtualContainers] Returning cached containers immediately
[17:01:05] [virtualContainers] Returning cached containers immediately
[17:01:06] [virtualContainers] Returning cached containers immediately
[17:01:07] [virtualContainers] Returning cached containers immediately
[17:01:08] [virtualContainers] Returning cached containers immediately
[17:01:09] [virtualContainers] Returning cached containers immediately
[17:01:10] [virtualContainers] Returning cached containers immediately
[17:01:11] [virtualContainers] Returning cached containers immediately
[17:01:12] [virtualContainers] Returning cached containers immediately
[17:01:13] [virtualContainers] Returning cached containers immediately
[17:01:14] [virtualContainers] Returning cached containers immediately
[17:01:15] [virtualContainers] Returning cached containers immediately
[17:01:16] [virtualContainers] Returning cached containers immediately
[17:01:17] [virtualContainers] Returning cached containers immediately
[17:01:18] [virtualContainers] Returning cached containers immediately
[17:01:19] [virtualContainers] Returning cached containers immediately
[17:01:20] [virtualContainers] Returning cached containers immediately
[17:01:21] [virtualContainers] Returning cached containers immediately
[17:01:22] [virtualContainers] Returning cached containers immediately
[17:01:23] [virtualContainers] Returning cached containers immediately
[17:01:24] [virtualContainers] Returning cached containers immediately
[17:01:25] [virtualContainers] Returning cached containers immediately
[17:01:26] [virtualContainers] Returning cached containers immediately
[17:01:27] [virtualContainers] Returning cached containers immediately
[17:01:28] [virtualContainers] Returning cached containers immediately
[17:01:29] [virtualContainers] Returning cached containers immediately
[17:01:30] [virtualContainers] Returning cached containers immediately
[17:01:31] [virtualContainers] Returning cached containers immediately
[17:01:32] [virtualContainers] Returning cached containers immediately
[17:01:33] [virtualContainers] Returning cached containers immediately
[17:01:34] [virtualContainers] Returning cached containers immediately
[17:01:35] [virtualContainers] Returning cached containers immediately
[17:01:36] [virtualContainers] Returning cached containers immediately
[17:01:37] [virtualContainers] Returning cached containers immediately
[17:01:38] [virtualContainers] Returning cached containers immediately
[17:01:39] [virtualContainers] Returning cached containers immediately
[17:01:40] [virtualContainers] Returning cached containers immediately
[17:01:41] [virtualContainers] Returning cached containers immediately
[17:01:42] [virtualContainers] Returning cached containers immediately
[17:01:43] [virtualContainers] Returning cached containers immediately
[17:01:44] [virtualContainers] Returning cached containers immediately
[17:01:45] [virtualContainers] Returning cached containers immediately
[17:01:46] [virtualContainers] Returning cached containers immediately
[17:01:47] [virtualContainers] Returning cached containers immediately
[17:01:48] [virtualContainers] Returning cached containers immediately
[17:01:49] [virtualContainers] Returning cached containers immediately
[17:01:50] [virtualContainers] Returning cached containers immediately
[17:01:51] [virtualContainers] Returning cached containers immediately
[17:01:52] [virtualContainers] Returning cached containers immediately
[17:01:53] [virtualContainers] Returning cached containers immediately
[17:01:54] [virtualContainers] Returning cached containers immediately
[17:01:55] [virtualContainers] Returning cached containers immediately
[17:01:56] [virtualContainers] Returning cached containers immediately
[17:01:57] [virtualContainers] Returning cached containers immediately
[17:01:58] [virtualContainers] Returning cached containers immediately
[17:01:59] [virtualContainers] Returning cached containers immediately
[17:02:00] [virtualContainers] Returning cached containers immediately
[17:02:01] [virtualContainers] Returning cached containers immediately
[17:02:02] [virtualContainers] Returning cached containers immediately
[17:02:03] [virtualContainers] Returning cached containers immediately
[17:02:04] [virtualContainers] Returning cached containers immediately
[17:02:05] [virtualContainers] Returning cached containers immediately
[17:02:06] [virtualContainers] Returning cached containers immediately
[17:02:07] [virtualContainers] Returning cached containers immediately
[17:02:08] [virtualContainers] Returning cached containers immediately
[17:02:09] [virtualContainers] Returning cached containers immediately
[17:02:10] [virtualContainers] Returning cached containers immediately
[17:02:11] [virtualContainers] Returning cached containers immediately
[17:02:12] [virtualContainers] Returning cached containers immediately
[17:02:13] [virtualContainers] Returning cached containers immediately
[17:02:14] [virtualContainers] Returning cached containers immediately
[17:02:15] [virtualContainers] Returning cached containers immediately
[17:02:16] [virtualContainers] Returning cached containers immediately
[17:02:17] [virtualContainers] Returning cached containers immediately
[17:02:18] [virtualContainers] Returning cached containers immediately
[17:02:19] [virtualContainers] Returning cached containers immediately
[17:02:20] [virtualContainers] Returning cached containers immediately
[17:02:21] [virtualContainers] Returning cached containers immediately
[17:02:22] [virtualContainers] Returning cached containers immediately
[17:02:23] [virtualContainers] Returning cached containers immediately
[17:02:24] [virtualContainers] Returning cached containers immediately
[17:02:25] [virtualContainers] Returning cached containers immediately
[17:02:26] [virtualContainers] Returning cached containers immediately
[17:02:27] [virtualContainers] Returning cached containers immediately
[17:02:28] [virtualContainers] Returning cached containers immediately
[17:02:29] [virtualContainers] Returning cached containers immediately
[17:02:30] [virtualContainers] Returning cached containers immediately
[17:02:31] [virtualContainers] Returning cached containers immediately
[17:02:32] [virtualContainers] Returning cached containers immediately
[17:02:33] [virtualContainers] Returning cached containers immediately
[17:02:34] [virtualContainers] Returning cached containers immediately
[17:02:35] [virtualContainers] Returning cached containers immediately
[17:02:36] [virtualContainers] Returning cached containers immediately
[17:02:37] [virtualContainers] Returning cached containers immediately
[17:02:38] [virtualContainers] Returning cached containers immediately
[17:02:39] [virtualContainers] Returning cached containers immediately
[17:02:40] [virtualContainers] Returning cached containers immediately
[17:02:41] [virtualContainers] Returning cached containers immediately
[17:02:42] [virtualContainers] Returning cached containers immediately
[17:02:43] [virtualContainers] Returning cached containers immediately
[17:02:44] [virtualContainers] Returning cached containers immediately
[17:02:45] [virtualContainers] Returning cached containers immediately
[17:02:46] [virtualContainers] Returning cached containers immediately
[17:02:47] [virtualContainers] Returning cached containers immediately
[17:02:48] [virtualContainers] Returning cached containers immediately
[17:02:49] [virtualContainers] Returning cached containers immediately
[17:02:50] [virtualContainers] Returning cached containers immediately
[17:02:51] [virtualContainers] Returning cached containers immediately
[17:02:52] [virtualContainers] Returning cached containers immediately
[17:02:53] [virtualContainers] Returning cached containers immediately
[17:02:54] [virtualContainers] Returning cached containers immediately
[17:02:55] [virtualContainers] Returning cached containers immediately
[17:02:56] [virtualContainers] Returning cached containers immediately
[17:02:57] [virtualContainers] Returning cached containers immediately
[17:02:58] [virtualContainers] Returning cached containers immediately
[17:02:59] [virtualContainers] Returning cached containers immediately
[17:03:00] [virtualContainers] Returning cached containers immediately
[17:03:01] [virtualContainers] Returning cached containers immediately
[17:03:02] [virtualContainers] Returning cached containers immediately
[17:03:03] [virtualContainers] Returning cached containers immediately
[17:03:04] [virtualContainers] Returning cached containers immediately
[17:03:05] [virtualContainers] Returning cached containers immediately
[17:03:06] [virtualContainers] Returning cached containers immediately
[17:03:07] [virtualContainers] Returning cached containers immediately
[17:03:08] [virtualContainers] Returning cached containers immediately
[17:03:09] [virtualContainers] Returning cached containers immediately
[17:03:10] [virtualContainers] Returning cached containers immediately
[17:03:11] [virtualContainers] Returning cached containers immediately
[17:03:12] [virtualContainers] Returning cached containers immediately
[17:03:13] [virtualContainers] Returning cached containers immediately
[17:03:14] [virtualContainers] Returning cached containers immediately
[17:03:15] [virtualContainers] Returning cached containers immediately
[17:03:16] [virtualContainers] Returning cached containers immediately
[17:03:17] [virtualContainers] Returning cached containers immediately
[17:03:23] [virtualContainers] Returning cached containers immediately
[17:03:25] [virtualContainers] Returning cached containers immediately
[17:03:25] [virtualContainers] Returning cached containers immediately
[17:03:26] [virtualContainers] Returning cached containers immediately
[17:03:27] [virtualContainers] Returning cached containers immediately
[17:03:28] [virtualContainers] Returning cached containers immediately
[17:03:29] [virtualContainers] Returning cached containers immediately
[17:03:30] [virtualContainers] Returning cached containers immediately
[17:03:31] [virtualContainers] Returning cached containers immediately
[17:03:32] [virtualContainers] Returning cached containers immediately
[17:03:33] [virtualContainers] Returning cached containers immediately
[17:03:34] [virtualContainers] Returning cached containers immediately
[17:03:35] [virtualContainers] Returning cached containers immediately
[17:03:36] [virtualContainers] Returning cached containers immediately
[17:03:37] [virtualContainers] Returning cached containers immediately
[17:03:38] [virtualContainers] Returning cached containers immediately
[17:03:39] [virtualContainers] Returning cached containers immediately
[17:03:40] [virtualContainers] Returning cached containers immediately
[17:03:41] [virtualContainers] Returning cached containers immediately
[17:03:42] [virtualContainers] Returning cached containers immediately
[17:03:43] [virtualContainers] Returning cached containers immediately
[17:03:44] [virtualContainers] Returning cached containers immediately
[17:03:45] [virtualContainers] Returning cached containers immediately
[17:03:46] [virtualContainers] Returning cached containers immediately
[17:03:47] [virtualContainers] Returning cached containers immediately
[17:03:48] [virtualContainers] Returning cached containers immediately
[17:03:49] [virtualContainers] Returning cached containers immediately
[17:03:50] [virtualContainers] Returning cached containers immediately
[17:03:51] [virtualContainers] Returning cached containers immediately
[17:03:52] [virtualContainers] Returning cached containers immediately
[17:03:53] [virtualContainers] Returning cached containers immediately
[17:03:54] [virtualContainers] Returning cached containers immediately
[17:03:55] [virtualContainers] Returning cached containers immediately
[17:03:56] [virtualContainers] Returning cached containers immediately
[17:03:57] [virtualContainers] Returning cached containers immediately
[17:03:58] [virtualContainers] Returning cached containers immediately
[17:03:59] [virtualContainers] Returning cached containers immediately
[17:04:00] [virtualContainers] Returning cached containers immediately
[17:04:01] [virtualContainers] Returning cached containers immediately
[17:04:02] [virtualContainers] Returning cached containers immediately
[17:04:03] [virtualContainers] Returning cached containers immediately
[17:04:06] [virtualContainers] Returning cached containers immediately
[17:04:08] [virtualContainers] Returning cached containers immediately
[17:04:09] [virtualContainers] Returning cached containers immediately
[17:04:09] [virtualContainers] Returning cached containers immediately
[17:04:10] [virtualContainers] Returning cached containers immediately
[17:04:11] [virtualContainers] Returning cached containers immediately
[17:04:12] [virtualContainers] Returning cached containers immediately
[17:04:13] [virtualContainers] Returning cached containers immediately
[17:04:14] [virtualContainers] Returning cached containers immediately
[17:04:15] [virtualContainers] Returning cached containers immediately
[17:04:16] [virtualContainers] Returning cached containers immediately
[17:04:17] [virtualContainers] Returning cached containers immediately
[17:04:18] [virtualContainers] Returning cached containers immediately
[17:04:19] [virtualContainers] Returning cached containers immediately
[17:04:20] [virtualContainers] Returning cached containers immediately
[17:04:21] [virtualContainers] Returning cached containers immediately
[17:04:22] [virtualContainers] Returning cached containers immediately
[17:04:23] [virtualContainers] Returning cached containers immediately
[17:04:24] [virtualContainers] Returning cached containers immediately
[17:04:25] [virtualContainers] Returning cached containers immediately
[17:04:26] [virtualContainers] Returning cached containers immediately
[17:04:27] [virtualContainers] Returning cached containers immediately
[17:04:29] [virtualContainers] Returning cached containers immediately
[17:04:30] [virtualContainers] Returning cached containers immediately
[17:04:31] [virtualContainers] Returning cached containers immediately
[17:04:32] [virtualContainers] Returning cached containers immediately
[17:04:33] [virtualContainers] Returning cached containers immediately
[17:04:34] [virtualContainers] Returning cached containers immediately
[17:04:35] [virtualContainers] Returning cached containers immediately
[17:04:36] [virtualContainers] Returning cached containers immediately
[17:04:37] [virtualContainers] Returning cached containers immediately
[17:04:38] [virtualContainers] Returning cached containers immediately
[17:04:39] [virtualContainers] Returning cached containers immediately
[17:04:40] [virtualContainers] Returning cached containers immediately
[17:04:41] [virtualContainers] Returning cached containers immediately
[17:04:42] [virtualContainers] Returning cached containers immediately
[17:04:43] [virtualContainers] Returning cached containers immediately
[17:04:44] [virtualContainers] Returning cached containers immediately
[17:04:45] [virtualContainers] Returning cached containers immediately
[17:04:46] [virtualContainers] Returning cached containers immediately
[17:04:47] [virtualContainers] Returning cached containers immediately
[17:04:48] [virtualContainers] Returning cached containers immediately
[17:04:49] [virtualContainers] Returning cached containers immediately
[17:04:50] [virtualContainers] Returning cached containers immediately
[17:04:51] [virtualContainers] Returning cached containers immediately
[17:04:52] [virtualContainers] Returning cached containers immediately
[17:04:53] [virtualContainers] Returning cached containers immediately
[17:04:54] [virtualContainers] Returning cached containers immediately
[17:04:55] [virtualContainers] Returning cached containers immediately
[17:04:56] [virtualContainers] Returning cached containers immediately
[17:04:57] [virtualContainers] Returning cached containers immediately
[17:04:58] [virtualContainers] Returning cached containers immediately
[17:04:59] [virtualContainers] Returning cached containers immediately
[17:05:00] [virtualContainers] Returning cached containers immediately
[17:05:01] [virtualContainers] Returning cached containers immediately
[17:05:02] [virtualContainers] Returning cached containers immediately
[17:05:03] [virtualContainers] Returning cached containers immediately
[17:05:04] [virtualContainers] Returning cached containers immediately
[17:05:05] [virtualContainers] Returning cached containers immediately
[17:05:06] [virtualContainers] Returning cached containers immediately
[17:05:07] [virtualContainers] Returning cached containers immediately
[17:05:08] [virtualContainers] Returning cached containers immediately
[17:05:09] [virtualContainers] Returning cached containers immediately
[17:05:10] [virtualContainers] Returning cached containers immediately
[17:05:11] [virtualContainers] Returning cached containers immediately
[17:05:12] [virtualContainers] Returning cached containers immediately
[17:05:13] [virtualContainers] Returning cached containers immediately
[17:05:14] [virtualContainers] Returning cached containers immediately
[17:05:16] [virtualContainers] Returning cached containers immediately
[17:05:17] [virtualContainers] Returning cached containers immediately
[17:05:18] [virtualContainers] Returning cached containers immediately
[17:05:19] [virtualContainers] Returning cached containers immediately
[17:05:20] [virtualContainers] Returning cached containers immediately
[17:05:21] [virtualContainers] Returning cached containers immediately
[17:05:22] [virtualContainers] Returning cached containers immediately
[17:05:23] [virtualContainers] Returning cached containers immediately
[17:05:24] [virtualContainers] Returning cached containers immediately
[17:05:25] [virtualContainers] Returning cached containers immediately
[17:05:26] [virtualContainers] Returning cached containers immediately
[17:05:27] [virtualContainers] Returning cached containers immediately
[17:05:28] [virtualContainers] Returning cached containers immediately
[17:05:29] [virtualContainers] Returning cached containers immediately
[17:05:30] [virtualContainers] Returning cached containers immediately
[17:05:31] [virtualContainers] Returning cached containers immediately
[17:05:37] [virtualContainers] Returning cached containers immediately
[17:05:38] [virtualContainers] Returning cached containers immediately
[17:05:39] [virtualContainers] Returning cached containers immediately
[17:05:40] [virtualContainers] Returning cached containers immediately
[17:05:41] [virtualContainers] Returning cached containers immediately
[17:05:42] [virtualContainers] Returning cached containers immediately
[17:05:43] [virtualContainers] Returning cached containers immediately
[17:05:44] [virtualContainers] Returning cached containers immediately
[17:05:45] [virtualContainers] Returning cached containers immediately
[17:05:46] [virtualContainers] Returning cached containers immediately
[17:05:47] [virtualContainers] Returning cached containers immediately
[17:05:48] [virtualContainers] Returning cached containers immediately
[17:05:49] [virtualContainers] Returning cached containers immediately
[17:05:50] [virtualContainers] Returning cached containers immediately
[17:05:51] [virtualContainers] Returning cached containers immediately
[17:05:52] [virtualContainers] Returning cached containers immediately
[17:05:53] [virtualContainers] Returning cached containers immediately
[17:05:54] [virtualContainers] Returning cached containers immediately
[17:05:55] [virtualContainers] Returning cached containers immediately
[17:05:56] [virtualContainers] Returning cached containers immediately
[17:05:57] [virtualContainers] Returning cached containers immediately
[17:05:58] [virtualContainers] Returning cached containers immediately
[17:05:59] [virtualContainers] Returning cached containers immediately
[17:06:00] [virtualContainers] Returning cached containers immediately
[17:06:01] [virtualContainers] Returning cached containers immediately
[17:06:02] [virtualContainers] Returning cached containers immediately
[17:06:03] [virtualContainers] Returning cached containers immediately
[17:06:04] [virtualContainers] Returning cached containers immediately
[17:06:05] [virtualContainers] Returning cached containers immediately
[17:06:06] [virtualContainers] Returning cached containers immediately
[17:06:07] [virtualContainers] Returning cached containers immediately
[17:06:08] [virtualContainers] Returning cached containers immediately
[17:06:09] [virtualContainers] Returning cached containers immediately
[17:06:10] [virtualContainers] Returning cached containers immediately
[17:06:11] [virtualContainers] Returning cached containers immediately
[17:06:12] [virtualContainers] Returning cached containers immediately
[17:06:13] [virtualContainers] Returning cached containers immediately
[17:06:14] [virtualContainers] Returning cached containers immediately
[17:06:15] [virtualContainers] Returning cached containers immediately
[17:06:16] [virtualContainers] Returning cached containers immediately
[17:06:17] [virtualContainers] Returning cached containers immediately
[17:06:18] [virtualContainers] Returning cached containers immediately
[17:06:20] [virtualContainers] Returning cached containers immediately
[17:06:21] [virtualContainers] Returning cached containers immediately
[17:06:21] [virtualContainers] Returning cached containers immediately
[17:06:22] [virtualContainers] Returning cached containers immediately
[17:06:23] [virtualContainers] Returning cached containers immediately
[17:06:25] [virtualContainers] Returning cached containers immediately
[17:06:26] [virtualContainers] Returning cached containers immediately
[17:06:27] [virtualContainers] Returning cached containers immediately
[17:06:28] [virtualContainers] Returning cached containers immediately
[17:06:29] [virtualContainers] Returning cached containers immediately
[17:06:30] [virtualContainers] Returning cached containers immediately
[17:06:31] [virtualContainers] Returning cached containers immediately
[17:06:32] [virtualContainers] Returning cached containers immediately
[17:06:33] [virtualContainers] Returning cached containers immediately
[17:06:34] [virtualContainers] Returning cached containers immediately
[17:06:35] [virtualContainers] Returning cached containers immediately
[17:06:36] [virtualContainers] Returning cached containers immediately
[17:06:37] [virtualContainers] Returning cached containers immediately
[17:06:38] [virtualContainers] Returning cached containers immediately
[17:06:39] [virtualContainers] Returning cached containers immediately
[17:06:40] [virtualContainers] Returning cached containers immediately
[17:06:41] [virtualContainers] Returning cached containers immediately
[17:06:42] [virtualContainers] Returning cached containers immediately
[17:06:43] [virtualContainers] Returning cached containers immediately
[17:06:44] [virtualContainers] Returning cached containers immediately
[17:06:45] [virtualContainers] Returning cached containers immediately
[17:06:46] [virtualContainers] Returning cached containers immediately
[17:06:47] [virtualContainers] Returning cached containers immediately
[17:06:48] [virtualContainers] Returning cached containers immediately
[17:06:49] [virtualContainers] Returning cached containers immediately
[17:06:50] [virtualContainers] Returning cached containers immediately
[17:06:51] [virtualContainers] Returning cached containers immediately
[17:06:52] [virtualContainers] Returning cached containers immediately
[17:06:53] [virtualContainers] Returning cached containers immediately
[17:06:54] [virtualContainers] Returning cached containers immediately
[17:06:55] [virtualContainers] Returning cached containers immediately
[17:06:56] [virtualContainers] Returning cached containers immediately
[17:06:57] [virtualContainers] Returning cached containers immediately
[17:06:58] [virtualContainers] Returning cached containers immediately
[17:06:59] [virtualContainers] Returning cached containers immediately
[17:07:00] [virtualContainers] Returning cached containers immediately
[17:07:01] [virtualContainers] Returning cached containers immediately
[17:07:02] [virtualContainers] Returning cached containers immediately
[17:07:03] [virtualContainers] Returning cached containers immediately
[17:07:04] [virtualContainers] Returning cached containers immediately
[17:07:05] [virtualContainers] Returning cached containers immediately
[17:07:06] [virtualContainers] Returning cached containers immediately
[17:07:07] [virtualContainers] Returning cached containers immediately
[17:07:08] [virtualContainers] Returning cached containers immediately
[17:07:09] [virtualContainers] Returning cached containers immediately
[17:07:10] [virtualContainers] Returning cached containers immediately
[17:07:11] [virtualContainers] Returning cached containers immediately
[17:07:12] [virtualContainers] Returning cached containers immediately
[17:07:13] [virtualContainers] Returning cached containers immediately
[17:07:14] [virtualContainers] Returning cached containers immediately
[17:07:15] [virtualContainers] Returning cached containers immediately
[17:07:16] [virtualContainers] Returning cached containers immediately
[17:07:17] [virtualContainers] Returning cached containers immediately
[17:07:18] [virtualContainers] Returning cached containers immediately
[17:07:19] [virtualContainers] Returning cached containers immediately
[17:07:20] [virtualContainers] Returning cached containers immediately
[17:07:21] [virtualContainers] Returning cached containers immediately
[17:07:22] [virtualContainers] Returning cached containers immediately
[17:07:23] [virtualContainers] Returning cached containers immediately
[17:07:24] [virtualContainers] Returning cached containers immediately
[17:07:25] [virtualContainers] Returning cached containers immediately
[17:07:26] [virtualContainers] Returning cached containers immediately
[17:07:27] [virtualContainers] Returning cached containers immediately
[17:07:28] [virtualContainers] Returning cached containers immediately
[17:07:29] [virtualContainers] Returning cached containers immediately
[17:07:30] [virtualContainers] Returning cached containers immediately
[17:07:31] [virtualContainers] Returning cached containers immediately
[17:07:32] [virtualContainers] Returning cached containers immediately
[17:07:33] [virtualContainers] Returning cached containers immediately
[17:07:34] [virtualContainers] Returning cached containers immediately
[17:07:35] [virtualContainers] Returning cached containers immediately
[17:07:36] [virtualContainers] Returning cached containers immediately
[17:07:37] [virtualContainers] Returning cached containers immediately
[17:07:38] [virtualContainers] Returning cached containers immediately
[17:07:39] [virtualContainers] Returning cached containers immediately
[17:07:40] [virtualContainers] Returning cached containers immediately
[17:07:41] [virtualContainers] Returning cached containers immediately
[17:07:42] [virtualContainers] Returning cached containers immediately
[17:07:43] [virtualContainers] Returning cached containers immediately
[17:07:44] [virtualContainers] Returning cached containers immediately
[17:07:45] [virtualContainers] Returning cached containers immediately
[17:07:46] [virtualContainers] Returning cached containers immediately
[17:07:47] [virtualContainers] Returning cached containers immediately
[17:07:48] [virtualContainers] Returning cached containers immediately
[17:07:49] [virtualContainers] Returning cached containers immediately
[17:07:50] [virtualContainers] Returning cached containers immediately
[17:07:51] [virtualContainers] Returning cached containers immediately
[17:07:52] [virtualContainers] Returning cached containers immediately
[17:07:53] [virtualContainers] Returning cached containers immediately
[17:07:54] [virtualContainers] Returning cached containers immediately
[17:07:55] [virtualContainers] Returning cached containers immediately
[17:07:56] [virtualContainers] Returning cached containers immediately
[17:07:57] [virtualContainers] Returning cached containers immediately
[17:07:58] [virtualContainers] Returning cached containers immediately
[17:07:59] [virtualContainers] Returning cached containers immediately
[17:08:00] [virtualContainers] Returning cached containers immediately
[17:08:01] [virtualContainers] Returning cached containers immediately
[17:08:02] [virtualContainers] Returning cached containers immediately
[17:08:03] [virtualContainers] Returning cached containers immediately
[17:08:04] [virtualContainers] Returning cached containers immediately
[17:08:05] [virtualContainers] Returning cached containers immediately
[17:08:06] [virtualContainers] Returning cached containers immediately
[17:08:07] [virtualContainers] Returning cached containers immediately
[17:08:08] [virtualContainers] Returning cached containers immediately
[17:08:09] [virtualContainers] Returning cached containers immediately
[17:08:10] [virtualContainers] Returning cached containers immediately
[17:08:11] [virtualContainers] Returning cached containers immediately
[17:08:12] [virtualContainers] Returning cached containers immediately
[17:08:13] [virtualContainers] Returning cached containers immediately
[17:08:14] [virtualContainers] Returning cached containers immediately
[17:08:15] [virtualContainers] Returning cached containers immediately
[17:08:16] [virtualContainers] Returning cached containers immediately
[17:08:17] [virtualContainers] Returning cached containers immediately
[17:08:18] [virtualContainers] Returning cached containers immediately
[17:08:19] [virtualContainers] Returning cached containers immediately
[17:08:20] [virtualContainers] Returning cached containers immediately
[17:08:21] [virtualContainers] Returning cached containers immediately
[17:08:22] [virtualContainers] Returning cached containers immediately
[17:08:23] [virtualContainers] Returning cached containers immediately
[17:08:24] [virtualContainers] Returning cached containers immediately
[17:08:25] [virtualContainers] Returning cached containers immediately
[17:08:26] [virtualContainers] Returning cached containers immediately
[17:08:27] [virtualContainers] Returning cached containers immediately
[17:08:28] [virtualContainers] Returning cached containers immediately
[17:08:29] [virtualContainers] Returning cached containers immediately
[17:08:30] [virtualContainers] Returning cached containers immediately
[17:08:31] [virtualContainers] Returning cached containers immediately
[17:08:32] [virtualContainers] Returning cached containers immediately
[17:08:33] [virtualContainers] Returning cached containers immediately
[17:08:34] [virtualContainers] Returning cached containers immediately
[17:08:35] [virtualContainers] Returning cached containers immediately
[17:08:36] [virtualContainers] Returning cached containers immediately
[17:08:37] [virtualContainers] Returning cached containers immediately
[17:08:38] [virtualContainers] Returning cached containers immediately
[17:08:39] [virtualContainers] Returning cached containers immediately
[17:08:40] [virtualContainers] Returning cached containers immediately
[17:08:41] [virtualContainers] Returning cached containers immediately
[17:08:42] [virtualContainers] Returning cached containers immediately
[17:08:43] [virtualContainers] Returning cached containers immediately
[17:08:44] [virtualContainers] Returning cached containers immediately
[17:08:45] [virtualContainers] Returning cached containers immediately
[17:08:46] [virtualContainers] Returning cached containers immediately
[17:08:47] [virtualContainers] Returning cached containers immediately
[17:08:48] [virtualContainers] Returning cached containers immediately
[17:08:49] [virtualContainers] Returning cached containers immediately
[17:08:50] [virtualContainers] Returning cached containers immediately
[17:08:51] [virtualContainers] Returning cached containers immediately
[17:08:52] [virtualContainers] Returning cached containers immediately
[17:08:53] [virtualContainers] Returning cached containers immediately
[17:08:54] [virtualContainers] Returning cached containers immediately
[17:08:55] [virtualContainers] Returning cached containers immediately
[17:08:56] [virtualContainers] Returning cached containers immediately
[17:08:57] [virtualContainers] Returning cached containers immediately
[17:08:58] [virtualContainers] Returning cached containers immediately
[17:08:59] [virtualContainers] Returning cached containers immediately
[17:09:00] [virtualContainers] Returning cached containers immediately
[17:09:01] [virtualContainers] Returning cached containers immediately
[17:09:02] [virtualContainers] Returning cached containers immediately
[17:09:03] [virtualContainers] Returning cached containers immediately
[17:09:04] [virtualContainers] Returning cached containers immediately
[17:09:05] [virtualContainers] Returning cached containers immediately
[17:09:06] [virtualContainers] Returning cached containers immediately
[17:09:07] [virtualContainers] Returning cached containers immediately
[17:09:08] [virtualContainers] Returning cached containers immediately
[17:09:09] [virtualContainers] Returning cached containers immediately
[17:09:10] [virtualContainers] Returning cached containers immediately
[17:09:11] [virtualContainers] Returning cached containers immediately
[17:09:12] [virtualContainers] Returning cached containers immediately
[17:09:13] [virtualContainers] Returning cached containers immediately
[17:09:14] [virtualContainers] Returning cached containers immediately
[17:09:15] [virtualContainers] Returning cached containers immediately
[17:09:16] [virtualContainers] Returning cached containers immediately
[17:09:17] [virtualContainers] Returning cached containers immediately
[17:09:18] [virtualContainers] Returning cached containers immediately
[17:09:20] [virtualContainers] Returning cached containers immediately
[17:09:21] [virtualContainers] Returning cached containers immediately
[17:09:22] [virtualContainers] Returning cached containers immediately
[17:09:22] [virtualContainers] Returning cached containers immediately
[17:09:23] [virtualContainers] Returning cached containers immediately
[17:09:24] [virtualContainers] Returning cached containers immediately
[17:09:26] [virtualContainers] Returning cached containers immediately
[17:09:27] [virtualContainers] Returning cached containers immediately
[17:09:28] [virtualContainers] Returning cached containers immediately
[17:09:29] [virtualContainers] Returning cached containers immediately
[17:09:30] [virtualContainers] Returning cached containers immediately
[17:09:31] [virtualContainers] Returning cached containers immediately
[17:09:32] [virtualContainers] Returning cached containers immediately
[17:09:33] [virtualContainers] Returning cached containers immediately
[17:09:34] [virtualContainers] Returning cached containers immediately
[17:09:35] [virtualContainers] Returning cached containers immediately
[17:09:36] [virtualContainers] Returning cached containers immediately
[17:09:37] [virtualContainers] Returning cached containers immediately
[17:09:38] [virtualContainers] Returning cached containers immediately
[17:09:39] [virtualContainers] Returning cached containers immediately
[17:09:40] [virtualContainers] Returning cached containers immediately
[17:09:41] [virtualContainers] Returning cached containers immediately
[17:09:42] [virtualContainers] Returning cached containers immediately
[17:09:43] [virtualContainers] Returning cached containers immediately
[17:09:44] [virtualContainers] Returning cached containers immediately
[17:09:45] [virtualContainers] Returning cached containers immediately
[17:09:46] [virtualContainers] Returning cached containers immediately
[17:09:47] [virtualContainers] Returning cached containers immediately
[17:09:48] [virtualContainers] Returning cached containers immediately
[17:09:49] [virtualContainers] Returning cached containers immediately
[17:09:50] [virtualContainers] Returning cached containers immediately
[17:09:51] [virtualContainers] Returning cached containers immediately
[17:09:52] [virtualContainers] Returning cached containers immediately
[17:09:53] [virtualContainers] Returning cached containers immediately
[17:09:54] [virtualContainers] Returning cached containers immediately
[17:09:55] [virtualContainers] Returning cached containers immediately
[17:09:56] [virtualContainers] Returning cached containers immediately
[17:09:57] [virtualContainers] Returning cached containers immediately
[17:09:58] [virtualContainers] Returning cached containers immediately
[17:09:59] [virtualContainers] Returning cached containers immediately
[17:10:00] [virtualContainers] Returning cached containers immediately
[17:10:01] [virtualContainers] Returning cached containers immediately
[17:10:02] [virtualContainers] Returning cached containers immediately
[17:10:03] [virtualContainers] Returning cached containers immediately
[17:10:04] [virtualContainers] Returning cached containers immediately
[17:10:05] [virtualContainers] Returning cached containers immediately
[17:10:06] [virtualContainers] Returning cached containers immediately
[17:10:07] [virtualContainers] Returning cached containers immediately
[17:10:08] [virtualContainers] Returning cached containers immediately
[17:10:09] [virtualContainers] Returning cached containers immediately
[17:10:10] [virtualContainers] Returning cached containers immediately
[17:10:11] [virtualContainers] Returning cached containers immediately
[17:10:12] [virtualContainers] Returning cached containers immediately
[17:10:13] [virtualContainers] Returning cached containers immediately
[17:10:14] [virtualContainers] Returning cached containers immediately
[17:10:15] [virtualContainers] Returning cached containers immediately
[17:10:16] [virtualContainers] Returning cached containers immediately
[17:10:17] [virtualContainers] Returning cached containers immediately
[17:10:18] [virtualContainers] Returning cached containers immediately
[17:10:19] [virtualContainers] Returning cached containers immediately
[17:10:20] [virtualContainers] Returning cached containers immediately
[17:10:22] [virtualContainers] Returning cached containers immediately
[17:10:22] [virtualContainers] Returning cached containers immediately
[17:10:23] [virtualContainers] Returning cached containers immediately
[17:10:24] [virtualContainers] Returning cached containers immediately
[17:10:25] [virtualContainers] Returning cached containers immediately
[17:10:26] [virtualContainers] Returning cached containers immediately
[17:10:27] [virtualContainers] Returning cached containers immediately
[17:10:28] [virtualContainers] Returning cached containers immediately
[17:10:29] [virtualContainers] Returning cached containers immediately
[17:10:30] [virtualContainers] Returning cached containers immediately
[17:10:31] [virtualContainers] Returning cached containers immediately
[17:10:32] [virtualContainers] Returning cached containers immediately
[17:10:33] [virtualContainers] Returning cached containers immediately
[17:10:34] [virtualContainers] Returning cached containers immediately
[17:10:35] [virtualContainers] Returning cached containers immediately
[17:10:36] [virtualContainers] Returning cached containers immediately
[17:10:37] [virtualContainers] Returning cached containers immediately
[17:10:38] [virtualContainers] Returning cached containers immediately
[17:10:39] [virtualContainers] Returning cached containers immediately
[17:10:40] [virtualContainers] Returning cached containers immediately
[17:10:41] [virtualContainers] Returning cached containers immediately
[17:10:42] [virtualContainers] Returning cached containers immediately
[17:10:43] [virtualContainers] Returning cached containers immediately
[17:10:44] [virtualContainers] Returning cached containers immediately
[17:10:45] [virtualContainers] Returning cached containers immediately
[17:10:46] [virtualContainers] Returning cached containers immediately
[17:10:47] [virtualContainers] Returning cached containers immediately
[17:10:48] [virtualContainers] Returning cached containers immediately
[17:10:49] [virtualContainers] Returning cached containers immediately
[17:10:50] [virtualContainers] Returning cached containers immediately
[17:10:51] [virtualContainers] Returning cached containers immediately
[17:10:52] [virtualContainers] Returning cached containers immediately
[17:10:53] [virtualContainers] Returning cached containers immediately
[17:10:54] [virtualContainers] Returning cached containers immediately
[17:10:55] [virtualContainers] Returning cached containers immediately
[17:10:56] [virtualContainers] Returning cached containers immediately
[17:10:57] [virtualContainers] Returning cached containers immediately
[17:10:58] [virtualContainers] Returning cached containers immediately
[17:10:59] [virtualContainers] Returning cached containers immediately
[17:11:00] [virtualContainers] Returning cached containers immediately
[17:11:01] [virtualContainers] Returning cached containers immediately
[17:11:02] [virtualContainers] Returning cached containers immediately
[17:11:03] [virtualContainers] Returning cached containers immediately
[17:11:04] [virtualContainers] Returning cached containers immediately
[17:11:05] [virtualContainers] Returning cached containers immediately
[17:11:06] [virtualContainers] Returning cached containers immediately
[17:11:07] [virtualContainers] Returning cached containers immediately
[17:11:08] [virtualContainers] Returning cached containers immediately
[17:11:09] [virtualContainers] Returning cached containers immediately
[17:11:10] [virtualContainers] Returning cached containers immediately
[17:11:11] [virtualContainers] Returning cached containers immediately
[17:11:12] [virtualContainers] Returning cached containers immediately
[17:11:13] [virtualContainers] Returning cached containers immediately
[17:11:14] [virtualContainers] Returning cached containers immediately
[17:11:15] [virtualContainers] Returning cached containers immediately
[17:11:16] [virtualContainers] Returning cached containers immediately
[17:11:17] [virtualContainers] Returning cached containers immediately
[17:11:18] [virtualContainers] Returning cached containers immediately
[17:11:19] [virtualContainers] Returning cached containers immediately
[17:11:20] [virtualContainers] Returning cached containers immediately
[17:11:21] [virtualContainers] Returning cached containers immediately
[17:11:22] [virtualContainers] Returning cached containers immediately
[17:11:24] [virtualContainers] Returning cached containers immediately
[17:11:24] [virtualContainers] Returning cached containers immediately
[17:11:25] [virtualContainers] Returning cached containers immediately
[17:11:26] [virtualContainers] Returning cached containers immediately
[17:11:27] [virtualContainers] Returning cached containers immediately
[17:11:28] [virtualContainers] Returning cached containers immediately
[17:11:30] [virtualContainers] Returning cached containers immediately
[17:11:31] [virtualContainers] Returning cached containers immediately
[17:11:32] [virtualContainers] Returning cached containers immediately
[17:11:33] [virtualContainers] Returning cached containers immediately
[17:11:34] [virtualContainers] Returning cached containers immediately
[17:11:35] [virtualContainers] Returning cached containers immediately
[17:11:36] [virtualContainers] Returning cached containers immediately
[17:11:37] [virtualContainers] Returning cached containers immediately
[17:11:38] [virtualContainers] Returning cached containers immediately
[17:11:39] [virtualContainers] Returning cached containers immediately
[17:11:40] [virtualContainers] Returning cached containers immediately
[17:11:41] [virtualContainers] Returning cached containers immediately
[17:11:42] [virtualContainers] Returning cached containers immediately
[17:11:43] [virtualContainers] Returning cached containers immediately
[17:11:44] [virtualContainers] Returning cached containers immediately
[17:11:45] [virtualContainers] Returning cached containers immediately
[17:11:46] [virtualContainers] Returning cached containers immediately
[17:11:47] [virtualContainers] Returning cached containers immediately
[17:11:48] [virtualContainers] Returning cached containers immediately
[17:11:49] [virtualContainers] Returning cached containers immediately
[17:11:50] [virtualContainers] Returning cached containers immediately
[17:11:51] [virtualContainers] Returning cached containers immediately
[17:11:52] [virtualContainers] Returning cached containers immediately
[17:11:53] [virtualContainers] Returning cached containers immediately
[17:11:54] [virtualContainers] Returning cached containers immediately
[17:11:55] [virtualContainers] Returning cached containers immediately
[17:11:56] [virtualContainers] Returning cached containers immediately
[17:11:57] [virtualContainers] Returning cached containers immediately
[17:11:58] [virtualContainers] Returning cached containers immediately
[17:11:59] [virtualContainers] Returning cached containers immediately
[17:12:00] [virtualContainers] Returning cached containers immediately
[17:12:01] [virtualContainers] Returning cached containers immediately
[17:12:02] [virtualContainers] Returning cached containers immediately
[17:12:03] [virtualContainers] Returning cached containers immediately
[17:12:04] [virtualContainers] Returning cached containers immediately
[17:12:05] [virtualContainers] Returning cached containers immediately
[17:12:06] [virtualContainers] Returning cached containers immediately
[17:12:07] [virtualContainers] Returning cached containers immediately
[17:12:08] [virtualContainers] Returning cached containers immediately
[17:12:09] [virtualContainers] Returning cached containers immediately
[17:12:10] [virtualContainers] Returning cached containers immediately
[17:12:11] [virtualContainers] Returning cached containers immediately
[17:12:12] [virtualContainers] Returning cached containers immediately
[17:12:13] [virtualContainers] Returning cached containers immediately
[17:12:14] [virtualContainers] Returning cached containers immediately
[17:12:15] [virtualContainers] Returning cached containers immediately
[17:12:16] [virtualContainers] Returning cached containers immediately
[17:12:17] [virtualContainers] Returning cached containers immediately
[17:12:18] [virtualContainers] Returning cached containers immediately
[17:12:19] [virtualContainers] Returning cached containers immediately
[17:12:20] [virtualContainers] Returning cached containers immediately
[17:12:22] [virtualContainers] Returning cached containers immediately
[17:12:23] [virtualContainers] Returning cached containers immediately
[17:12:23] [virtualContainers] Returning cached containers immediately
[17:12:24] [virtualContainers] Returning cached containers immediately
[17:12:25] [virtualContainers] Returning cached containers immediately
[17:12:27] [virtualContainers] Returning cached containers immediately
[17:12:28] [virtualContainers] Returning cached containers immediately
[17:12:29] [virtualContainers] Returning cached containers immediately
[17:12:30] [virtualContainers] Returning cached containers immediately
[17:12:31] [virtualContainers] Returning cached containers immediately
[17:12:32] [virtualContainers] Returning cached containers immediately
[17:12:33] [virtualContainers] Returning cached containers immediately
[17:12:34] [virtualContainers] Returning cached containers immediately
[17:12:35] [virtualContainers] Returning cached containers immediately
[17:12:36] [virtualContainers] Returning cached containers immediately
[17:12:37] [virtualContainers] Returning cached containers immediately
[17:12:38] [virtualContainers] Returning cached containers immediately
[17:12:39] [virtualContainers] Returning cached containers immediately
[17:12:40] [virtualContainers] Returning cached containers immediately
[17:12:41] [virtualContainers] Returning cached containers immediately
[17:12:42] [virtualContainers] Returning cached containers immediately
[17:12:43] [virtualContainers] Returning cached containers immediately
[17:12:44] [virtualContainers] Returning cached containers immediately
[17:12:45] [virtualContainers] Returning cached containers immediately
[17:12:46] [virtualContainers] Returning cached containers immediately
[17:12:47] [virtualContainers] Returning cached containers immediately
[17:12:48] [virtualContainers] Returning cached containers immediately
[17:12:49] [virtualContainers] Returning cached containers immediately
[17:12:50] [virtualContainers] Returning cached containers immediately
[17:12:51] [virtualContainers] Returning cached containers immediately
[17:12:52] [virtualContainers] Returning cached containers immediately
[17:12:53] [virtualContainers] Returning cached containers immediately
[17:12:54] [virtualContainers] Returning cached containers immediately
[17:12:55] [virtualContainers] Returning cached containers immediately
[17:12:56] [virtualContainers] Returning cached containers immediately
[17:12:57] [virtualContainers] Returning cached containers immediately
[17:12:58] [virtualContainers] Returning cached containers immediately
[17:12:59] [virtualContainers] Returning cached containers immediately
[17:13:00] [virtualContainers] Returning cached containers immediately
[17:13:01] [virtualContainers] Returning cached containers immediately
[17:13:02] [virtualContainers] Returning cached containers immediately
[17:13:03] [virtualContainers] Returning cached containers immediately
[17:13:04] [virtualContainers] Returning cached containers immediately
[17:13:05] [virtualContainers] Returning cached containers immediately
[17:13:06] [virtualContainers] Returning cached containers immediately
[17:13:07] [virtualContainers] Returning cached containers immediately
[17:13:08] [virtualContainers] Returning cached containers immediately
[17:13:09] [virtualContainers] Returning cached containers immediately
[17:13:10] [virtualContainers] Returning cached containers immediately
[17:13:11] [virtualContainers] Returning cached containers immediately
[17:13:12] [virtualContainers] Returning cached containers immediately
[17:13:13] [virtualContainers] Returning cached containers immediately
[17:13:14] [virtualContainers] Returning cached containers immediately
[17:13:15] [virtualContainers] Returning cached containers immediately
[17:13:16] [virtualContainers] Returning cached containers immediately
[17:13:17] [virtualContainers] Returning cached containers immediately
[17:13:18] [virtualContainers] Returning cached containers immediately
[17:13:19] [virtualContainers] Returning cached containers immediately
[17:13:20] [virtualContainers] Returning cached containers immediately
[17:13:21] [virtualContainers] Returning cached containers immediately
[17:13:22] [virtualContainers] Returning cached containers immediately
[17:13:23] [virtualContainers] Returning cached containers immediately
[17:13:24] [virtualContainers] Returning cached containers immediately
[17:13:25] [virtualContainers] Returning cached containers immediately
[17:13:26] [virtualContainers] Returning cached containers immediately
[17:13:27] [virtualContainers] Returning cached containers immediately
[17:13:28] [virtualContainers] Returning cached containers immediately
[17:13:29] [virtualContainers] Returning cached containers immediately
[17:13:30] [virtualContainers] Returning cached containers immediately
[17:13:31] [virtualContainers] Returning cached containers immediately
[17:13:32] [virtualContainers] Returning cached containers immediately
[17:13:33] [virtualContainers] Returning cached containers immediately
[17:13:34] [virtualContainers] Returning cached containers immediately
[17:13:35] [virtualContainers] Returning cached containers immediately
[17:13:36] [virtualContainers] Returning cached containers immediately
[17:13:37] [virtualContainers] Returning cached containers immediately
[17:13:38] [virtualContainers] Returning cached containers immediately
[17:13:39] [virtualContainers] Returning cached containers immediately
[17:13:40] [virtualContainers] Returning cached containers immediately
[17:13:41] [virtualContainers] Returning cached containers immediately
[17:13:42] [virtualContainers] Returning cached containers immediately
[17:13:43] [virtualContainers] Returning cached containers immediately
[17:13:44] [virtualContainers] Returning cached containers immediately
[17:13:45] [virtualContainers] Returning cached containers immediately
[17:13:46] [virtualContainers] Returning cached containers immediately
[17:13:47] [virtualContainers] Returning cached containers immediately
[17:13:48] [virtualContainers] Returning cached containers immediately
[17:13:49] [virtualContainers] Returning cached containers immediately
[17:13:50] [virtualContainers] Returning cached containers immediately
[17:13:51] [virtualContainers] Returning cached containers immediately
[17:13:52] [virtualContainers] Returning cached containers immediately
[17:13:53] [virtualContainers] Returning cached containers immediately
[17:13:54] [virtualContainers] Returning cached containers immediately
[17:13:55] [virtualContainers] Returning cached containers immediately
[17:13:56] [virtualContainers] Returning cached containers immediately
[17:13:57] [virtualContainers] Returning cached containers immediately
[17:13:58] [virtualContainers] Returning cached containers immediately
[17:13:59] [virtualContainers] Returning cached containers immediately
[17:14:00] [virtualContainers] Returning cached containers immediately
[17:14:01] [virtualContainers] Returning cached containers immediately
[17:14:02] [virtualContainers] Returning cached containers immediately
[17:14:03] [virtualContainers] Returning cached containers immediately
[17:14:04] [virtualContainers] Returning cached containers immediately
[17:14:05] [virtualContainers] Returning cached containers immediately
[17:14:06] [virtualContainers] Returning cached containers immediately
[17:14:07] [virtualContainers] Returning cached containers immediately
[17:14:08] [virtualContainers] Returning cached containers immediately
[17:14:09] [virtualContainers] Returning cached containers immediately
[17:14:10] [virtualContainers] Returning cached containers immediately
[17:14:11] [virtualContainers] Returning cached containers immediately
[17:14:12] [virtualContainers] Returning cached containers immediately
[17:14:13] [virtualContainers] Returning cached containers immediately
[17:14:14] [virtualContainers] Returning cached containers immediately
[17:14:15] [virtualContainers] Returning cached containers immediately
[17:14:16] [virtualContainers] Returning cached containers immediately
[17:14:17] [virtualContainers] Returning cached containers immediately
[17:14:18] [virtualContainers] Returning cached containers immediately
[17:14:19] [virtualContainers] Returning cached containers immediately
[17:14:20] [virtualContainers] Returning cached containers immediately
[17:14:21] [virtualContainers] Returning cached containers immediately
[17:14:22] [virtualContainers] Returning cached containers immediately
[17:14:23] [virtualContainers] Returning cached containers immediately
[17:14:24] [virtualContainers] Returning cached containers immediately
[17:14:25] [virtualContainers] Returning cached containers immediately
[17:14:26] [virtualContainers] Returning cached containers immediately
[17:14:27] [virtualContainers] Returning cached containers immediately
[17:14:28] [virtualContainers] Returning cached containers immediately
[17:14:29] [virtualContainers] Returning cached containers immediately
[17:14:30] [virtualContainers] Returning cached containers immediately
[17:14:31] [virtualContainers] Returning cached containers immediately
[17:14:32] [virtualContainers] Returning cached containers immediately
[17:14:33] [virtualContainers] Returning cached containers immediately
[17:14:34] [virtualContainers] Returning cached containers immediately
[17:14:35] [virtualContainers] Returning cached containers immediately
[17:14:36] [virtualContainers] Returning cached containers immediately
[17:14:37] [virtualContainers] Returning cached containers immediately
[17:14:38] [virtualContainers] Returning cached containers immediately
[17:14:39] [virtualContainers] Returning cached containers immediately
[17:14:40] [virtualContainers] Returning cached containers immediately
[17:14:41] [virtualContainers] Returning cached containers immediately
[17:14:42] [virtualContainers] Returning cached containers immediately
[17:14:43] [virtualContainers] Returning cached containers immediately
[17:14:44] [virtualContainers] Returning cached containers immediately
[17:14:45] [virtualContainers] Returning cached containers immediately
[17:14:46] [virtualContainers] Returning cached containers immediately
[17:14:47] [virtualContainers] Returning cached containers immediately
[17:14:48] [virtualContainers] Returning cached containers immediately
[17:14:49] [virtualContainers] Returning cached containers immediately
[17:14:50] [virtualContainers] Returning cached containers immediately
[17:14:51] [virtualContainers] Returning cached containers immediately
[17:14:52] [virtualContainers] Returning cached containers immediately
[17:14:53] [virtualContainers] Returning cached containers immediately
[17:14:54] [virtualContainers] Returning cached containers immediately
[17:14:55] [virtualContainers] Returning cached containers immediately
[17:14:56] [virtualContainers] Returning cached containers immediately
[17:14:57] [virtualContainers] Returning cached containers immediately
[17:14:58] [virtualContainers] Returning cached containers immediately
[17:14:59] [virtualContainers] Returning cached containers immediately
[17:15:00] [virtualContainers] Returning cached containers immediately
[17:15:01] [virtualContainers] Returning cached containers immediately
[17:15:02] [virtualContainers] Returning cached containers immediately
[17:15:03] [virtualContainers] Returning cached containers immediately
[17:15:04] [virtualContainers] Returning cached containers immediately
[17:15:05] [virtualContainers] Returning cached containers immediately
[17:15:06] [virtualContainers] Returning cached containers immediately
[17:15:08] [virtualContainers] Returning cached containers immediately
[17:15:08] [virtualContainers] Returning cached containers immediately
[17:15:10] [virtualContainers] Returning cached containers immediately
[17:15:11] [virtualContainers] Returning cached containers immediately
[17:15:11] [virtualContainers] Returning cached containers immediately
[17:15:12] [virtualContainers] Returning cached containers immediately
[17:15:13] [virtualContainers] Returning cached containers immediately
[17:15:14] [virtualContainers] Returning cached containers immediately
[17:15:15] [virtualContainers] Returning cached containers immediately
[17:15:16] [virtualContainers] Returning cached containers immediately
[17:15:17] [virtualContainers] Returning cached containers immediately
[17:15:18] [virtualContainers] Returning cached containers immediately
[17:15:19] [virtualContainers] Returning cached containers immediately
[17:15:20] [virtualContainers] Returning cached containers immediately
[17:15:22] [virtualContainers] Returning cached containers immediately
[17:15:23] [virtualContainers] Returning cached containers immediately
[17:15:24] [virtualContainers] Returning cached containers immediately
[17:15:25] [virtualContainers] Returning cached containers immediately
[17:15:26] [virtualContainers] Returning cached containers immediately
[17:15:27] [virtualContainers] Returning cached containers immediately
[17:15:28] [virtualContainers] Returning cached containers immediately
[17:15:29] [virtualContainers] Returning cached containers immediately
[17:15:30] [virtualContainers] Returning cached containers immediately
[17:15:31] [virtualContainers] Returning cached containers immediately
[17:15:32] [virtualContainers] Returning cached containers immediately
[17:15:33] [virtualContainers] Returning cached containers immediately
[17:15:34] [virtualContainers] Returning cached containers immediately
[17:15:36] [virtualContainers] Returning cached containers immediately
[17:15:37] [virtualContainers] Returning cached containers immediately
[17:15:38] [virtualContainers] Returning cached containers immediately
[17:15:39] [virtualContainers] Returning cached containers immediately
[17:15:40] [virtualContainers] Returning cached containers immediately
[17:15:41] [virtualContainers] Returning cached containers immediately
[17:15:42] [virtualContainers] Returning cached containers immediately
[17:15:43] [virtualContainers] Returning cached containers immediately
[17:15:44] [virtualContainers] Returning cached containers immediately
[17:15:45] [virtualContainers] Returning cached containers immediately
[17:15:46] [virtualContainers] Returning cached containers immediately
[17:15:47] [virtualContainers] Returning cached containers immediately
[17:15:49] [virtualContainers] Returning cached containers immediately
[17:15:50] [virtualContainers] Returning cached containers immediately
[17:15:51] [virtualContainers] Returning cached containers immediately
[17:15:52] [virtualContainers] Returning cached containers immediately
[17:15:53] [virtualContainers] Returning cached containers immediately
[17:15:54] [virtualContainers] Returning cached containers immediately
[17:15:55] [virtualContainers] Returning cached containers immediately
[17:15:55] [virtualContainers] Returning cached containers immediately
[17:15:56] [virtualContainers] Returning cached containers immediately
[17:15:57] [virtualContainers] Returning cached containers immediately
[17:15:58] [virtualContainers] Returning cached containers immediately
[17:15:59] [virtualContainers] Returning cached containers immediately
[17:16:00] [virtualContainers] Returning cached containers immediately
