{"ctxid":1,"pos":[-171.346649,557.856934,31.0612011],"rotationMatrix":[1,0,0,0,1,0,0,0,1],"scale":1,"type":"clutter_workshop_toolbox"}
