{"ctxid":1,"pos":[-174.130844,560.607117,31.9898109],"rotationMatrix":[1,0,0,0,1,0,0,0,1],"scale":1,"type":"clutter_workshop_white_bottle"}
