{"ctxid":1,"pos":[-183.682129,543.401794,30.2131577],"rotationMatrix":[1,0,0,0,1,0,0,0,1],"scale":1,"type":"clutter_workshop_green_can"}
