{"ctxid":1,"pos":[-183.497818,542.737549,30.2248363],"rotationMatrix":[-0.733305037,0.679899752,0,-0.679899752,-0.733305037,0,0,0,0.999999881],"scale":1,"type":"clutter_workshop_hand_truck"}
