{"ctxid":1,"pos":[-181.135147,540.53949,30.2388802],"rotationMatrix":[1,0,0,0,1,0,0,0,1],"scale":1,"type":"clutter_workshop_broom"}
{"ctxid":1,"pos":[-147.441711,526.287415,30.2429352],"rotationMatrix":[1,0,0,0,1,0,0,0,1],"scale":1,"type":"clutter_workshop_broom"}
