{"ctxid":1,"pos":[-179.975189,539.784973,30.2398682],"rotationMatrix":[1,0,0,0,1,0,0,0,1],"scale":1,"type":"clutter_barrels_red"}
{"ctxid":1,"pos":[-180.489822,539.895325,30.2398682],"rotationMatrix":[1,0,0,0,1,0,0,0,1],"scale":1,"type":"clutter_barrels_red"}
{"ctxid":1,"pos":[-180.23938,540.64978,30.238678],"rotationMatrix":[1,0,0,0,1,0,0,0,1],"scale":1,"type":"clutter_barrels_red"}
