{"ctxid":1,"pos":[-185.624817,561.254456,30.5946465],"rotationMatrix":[-0.235269606,-0.97186619,-0.0110857273,0.971928537,-0.235269725,-0.00131139846,-0.0013336332,-0.0110830739,0.99993664],"scale":1,"type":"commGarage_door_main_l1"}
{"ctxid":1,"pos":[-189.166718,547.717651,30.7637882],"rotationMatrix":[0.0610199422,0.998135984,0,-0.998135984,0.0610199422,0,0,0,0.999999285],"scale":1,"type":"commGarage_door_main_l1"}
