{"ctxid":1,"pos":[-172.588135,545.357239,30.592083],"rotationMatrix":[0.711836755,0.702343047,0,-0.702343047,0.711836755,0,0,0,0.99999845],"scale":1,"type":"commGarage_buildingC"}
