{"ctxid":1,"pos":[-192.12999,550.417908,30.7637863],"rotationMatrix":[0.992837608,-0.119468771,0,0.119468771,0.992837608,0,0,0,0.999999523],"scale":1,"type":"commGarage_door_main_l"}
