{"ctxid":1,"pos":[465.681549,-974.311035,9.99374676],"rotationMatrix":[0.99999994,0,0,0,0.999998927,0.00143318519,0,-0.0014331853,0.999998868],"scale":8.2643919,"type":"concrete_pillard"}
{"ctxid":1,"pos":[420.820038,-1027.34424,9.88522243],"rotationMatrix":[0.0099609755,-0.999949753,0,0.999949276,0.00996097084,0.00095928536,-0.000959237979,-9.555426e-06,0.999998689],"scale":8.30594158,"type":"concrete_pillard"}
{"ctxid":1,"pos":[465.654694,-1007.38062,10.0170736],"rotationMatrix":[1,0,0,0,1,0,0,0,1],"scale":8.23223591,"type":"concrete_pillard"}
{"ctxid":1,"pos":[374.992065,-1006.63336,9.56968212],"rotationMatrix":[1,0,0,0,1,0,0,0,1],"scale":9.07994175,"type":"concrete_pillard"}
{"ctxid":1,"pos":[387.639099,-1027.72375,9.88927269],"rotationMatrix":[0.0104874149,-0.999944806,0,0.999944806,0.0104874149,0,0,0,0.999999762],"scale":8.31403446,"type":"concrete_pillard"}
{"ctxid":1,"pos":[374.936127,-972.84314,9.78440475],"rotationMatrix":[1,0,0,0,1,0,0,0,1],"scale":8.87465763,"type":"concrete_pillard"}
{"ctxid":1,"pos":[453.145966,-1027.08484,10.0212936],"rotationMatrix":[0.00824633148,-0.999965608,0,0.999965608,0.00824633148,0,0,0,0.999999523],"scale":8.10227394,"type":"concrete_pillard"}
