{"ctxid":1,"pos":[-867.401001,-875.292053,38.1497955],"rotationMatrix":[0.771321893,-0.630204439,0.0889027268,0.633959532,0.773108959,-0.0199120268,-0.0561828502,0.0717193559,0.995840192],"scale":1,"type":"container_01_b"}
