{"ctxid":1,"pos":[-861.267822,-871.578064,38.3422241],"rotationMatrix":[0.784941614,-0.619333506,0.0170956627,0.619569361,0.784642875,-0.0216587465,0,0.027592808,0.999619007],"scale":1,"type":"container_01_a"}
