{"ctxid":1,"pos":[-150.128937,531.454651,30.3895798],"rotationMatrix":[0.630432606,-0.776243865,0,0.776243865,0.630432606,0,0,0,0.999999881],"scale":1,"type":"deal_covered_car_roamer_1"}
{"ctxid":1,"pos":[-151.823456,534.642944,30.2434349],"rotationMatrix":[0.686796188,-0.726849794,0,0.726849794,0.686796188,0,0,0,0.999999762],"scale":1,"type":"deal_covered_car_roamer_1"}
