{"ctxid":0,"pos":[770.234985,-271.078003,50.1402016],"rotationMatrix":[-0.439225674,0.898349702,0,-0.898349702,-0.439225674,0,0,0,1],"scale":1,"type":"eca_bld_warehouse_02_a"}
{"ctxid":0,"pos":[754.801025,-392.049988,53.4249992],"rotationMatrix":[0.0629195571,-0.99800092,0,0.99800092,0.0629195571,0,0,0,1],"scale":1,"type":"eca_bld_warehouse_02_a"}
{"ctxid":0,"pos":[740.698975,-316.574005,51.8819008],"rotationMatrix":[0.784306884,0.620347619,0,-0.620347619,0.784306884,0,0,0,1],"scale":1,"type":"eca_bld_warehouse_02_a"}
{"ctxid":1,"pos":[932.24292,-725.015381,41.9805412],"rotationMatrix":[-0.826610446,-0.562773108,0,0.562773108,-0.826610446,0,0,0,0.999999046],"scale":1.47406876,"type":"eca_bld_warehouse_02_a"}
{"ctxid":1,"pos":[928.516602,-658.879395,41.9195404],"rotationMatrix":[0.903651178,-0.428268403,0,0.428268403,0.903651178,0,0,0,0.999999523],"scale":1.42890906,"type":"eca_bld_warehouse_02_a"}
{"ctxid":1,"pos":[585.427185,921.343994,73.7164307],"rotationMatrix":[0.998064935,-0.062164437,0,0.062164437,0.998064935,0,0,0,0.999998689],"scale":1,"type":"eca_bld_warehouse_02_a"}
{"ctxid":1,"pos":[349.363922,304.267212,61.7568054],"rotationMatrix":[-0.0162150022,-0.999868214,0,0.999868214,-0.0162150022,0,0,0,0.999999642],"scale":1,"type":"eca_bld_warehouse_02_a"}
