{"ctxid":0,"pos":[750.455017,-150.815994,53.8373985],"rotationMatrix":[1,0,0,0,1,0,0,0,1],"scale":1,"type":"eca_bld_warehouse_01_a"}
{"ctxid":0,"pos":[784.166992,-219.539001,53.5094986],"rotationMatrix":[-0.0215921402,0.999722362,0,-0.999722362,-0.0215921402,0,0,0,1],"scale":1,"type":"eca_bld_warehouse_01_a"}
{"ctxid":0,"pos":[752.888977,-387.084015,53.4095993],"rotationMatrix":[0.998015523,0.0629685,0,-0.0629685,0.998015523,0,0,0,1],"scale":1,"type":"eca_bld_warehouse_01_a"}
{"ctxid":0,"pos":[752.124023,-375.153992,53.4095993],"rotationMatrix":[-0.998000383,-0.0629685,0,0.0629685,-0.998000383,0,0,0,1],"scale":1,"type":"eca_bld_warehouse_01_a"}
{"ctxid":0,"pos":[598.044006,-148.061996,53.4003983],"rotationMatrix":[-0.618560433,-0.785890579,0,0.785890579,-0.618560433,0,0,0,1],"scale":1,"type":"eca_bld_warehouse_01_a"}
{"ctxid":0,"pos":[588.060974,-135.063004,53.3418007],"rotationMatrix":[0.781803846,-0.623540342,0,0.623540342,0.781803846,0,0,0,1],"scale":1,"type":"eca_bld_warehouse_01_a"}
{"ctxid":0,"pos":[731.230591,-291.845673,54.7915039],"rotationMatrix":[0.87609756,0.482119292,0,-0.482119292,0.87609756,0,0,0,1],"scale":1,"type":"eca_bld_warehouse_01_a"}
{"ctxid":0,"pos":[730.997009,-363.934998,56.2876015],"rotationMatrix":[-0.0663840771,-0.997891366,0,0.997891366,-0.0663840771,0,0,0,1],"scale":1,"type":"eca_bld_warehouse_01_a"}
{"ctxid":0,"pos":[729.770996,-342.266998,56.6067009],"rotationMatrix":[-0.0969766378,0.995218217,0,-0.995218217,-0.0969766378,0,0,0,1],"scale":1,"type":"eca_bld_warehouse_01_a"}
{"ctxid":0,"pos":[733.625,-379.903992,56.2980995],"rotationMatrix":[0.998352647,-0.0573770404,0,0.0573770404,0.998352647,0,0,0,1],"scale":1,"type":"eca_bld_warehouse_01_a"}
{"ctxid":0,"pos":[732.947021,-391.872009,56.2776985],"rotationMatrix":[0.998352647,-0.0573770404,0,0.0573770404,0.998352647,0,0,0,1],"scale":1,"type":"eca_bld_warehouse_01_a"}
{"ctxid":0,"pos":[732.254028,-403.846008,56.2783012],"rotationMatrix":[0.998352647,-0.0573770404,0,0.0573770404,0.998352647,0,0,0,1],"scale":1,"type":"eca_bld_warehouse_01_a"}
{"ctxid":0,"pos":[732.19397,-414.746002,56.2192001],"rotationMatrix":[0.999049544,0.0435912833,0,-0.0435912833,0.999049544,0,0,0,1],"scale":1,"type":"eca_bld_warehouse_01_a"}
{"ctxid":0,"pos":[704.755981,-428.781006,53.5181007],"rotationMatrix":[0.0389475226,0.99931711,0,-0.99931711,0.0389475226,0,0,0,1],"scale":1,"type":"eca_bld_warehouse_01_a"}
{"ctxid":0,"pos":[703.960022,-403.713013,52.5635986],"rotationMatrix":[0.0522109866,0.998593032,0,-0.998593032,0.0522109866,0,0,0,1],"scale":1,"type":"eca_bld_warehouse_01_a"}
{"ctxid":0,"pos":[706.47699,-383.709015,53.2288017],"rotationMatrix":[0.0626456738,0.99800992,0,-0.99800992,0.0626456738,0,0,0,1],"scale":1,"type":"eca_bld_warehouse_01_a"}
{"ctxid":1,"pos":[904.949768,-680.976929,41.9259415],"rotationMatrix":[-0.916241169,0.400624812,0,-0.400624812,-0.916241169,0,0,0,0.999998927],"scale":1.19658041,"type":"eca_bld_warehouse_01_a"}
{"ctxid":1,"pos":[605.116028,899.786133,73.7164307],"rotationMatrix":[1,0,0,0,1,0,0,0,1],"scale":1,"type":"eca_bld_warehouse_01_a"}
{"ctxid":1,"pos":[350.902679,294.858032,61.7829208],"rotationMatrix":[0.999936044,-0.0112798214,0,0.0112798214,0.999936044,0,0,0,0.999999523],"scale":1,"type":"eca_bld_warehouse_01_a"}
{"ctxid":1,"pos":[350.902679,274.675446,61.7829208],"rotationMatrix":[0.999936044,-0.0112798214,0,0.0112798214,0.999936044,0,0,0,0.999999523],"scale":1,"type":"eca_bld_warehouse_01_a"}
