{"ctxid":0,"pos":[629.341003,-171.003998,53.452301],"rotationMatrix":[-0.754439235,0.656369328,0,-0.656369328,-0.754439235,0,0,0,1],"scale":1,"type":"eca_bld_grocerystore"}
{"ctxid":1,"pos":[-843.181091,-883.953186,38.2492867],"rotationMatrix":[0.016255416,0.999867737,0,-0.999867737,0.016255416,0,0,0,0.999999762],"scale":1,"type":"eca_bld_grocerystore"}
