{"ctxid":1,"pos":[-224.360519,-810.848877,16.0284672],"rotationMatrix":[0.739658952,-0.672981322,0,0.672981322,0.739658952,0,0,0,0.999999523],"scale":1,"type":"featherflag_apex"}
{"ctxid":1,"pos":[-217.007217,-819.449646,15.8827438],"rotationMatrix":[-0.496944129,0.867782295,0,-0.867782295,-0.496944129,0,0,0,0.999999642],"scale":1,"type":"featherflag_apex"}
{"ctxid":1,"pos":[-145.748032,-140.751495,31.1985912],"rotationMatrix":[1,0,0,0,1,0,0,0,1],"scale":1,"type":"featherflag_apex"}
{"ctxid":1,"pos":[-138.073456,-134.505768,31.2206764],"rotationMatrix":[0.115836963,-0.993268192,0,0.993268192,0.115836963,0,0,0,0.999999881],"scale":1,"type":"featherflag_apex"}
