{"ctxid":1,"pos":[691.83252,-458.820587,53.6958046],"rotationMatrix":[-0.996741354,0.0806615502,0,-0.0806615502,-0.996741354,0,0,0,0.999999762],"scale":1,"type":"featherflag_beamng"}
{"ctxid":1,"pos":[682.912231,-458.779358,53.6958046],"rotationMatrix":[0.999814332,-0.0192583799,0,0.0192583799,0.999814332,0,0,0,0.999999642],"scale":1,"type":"featherflag_beamng"}
{"ctxid":1,"pos":[917.128906,318.677124,61.8729248],"rotationMatrix":[-0.289782047,0.957092524,0,-0.957092524,-0.289782047,0,0,0,0.999999762],"scale":1,"type":"featherflag_beamng"}
{"ctxid":1,"pos":[915.324707,324.649292,62.3738708],"rotationMatrix":[0.255924523,-0.96669668,0,0.96669668,0.255924523,0,0,0,0.999999881],"scale":1,"type":"featherflag_beamng"}
{"ctxid":1,"pos":[761.164307,846.592529,80.6718369],"rotationMatrix":[-0.410758466,0.911744118,0,-0.911744118,-0.410758466,0,0,0,0.999999881],"scale":1,"type":"featherflag_beamng"}
{"ctxid":1,"pos":[758.737427,852.284973,81.0113831],"rotationMatrix":[0.407080323,-0.913391829,0,0.913391829,0.407080323,0,0,0,0.999999523],"scale":1,"type":"featherflag_beamng"}
{"ctxid":1,"pos":[-206.416504,-826.751526,15.1956234],"rotationMatrix":[-0.342026323,-0.939439237,0.0217114147,0.937979758,-0.342706054,-0.0524014272,0.0566686019,0.00244220044,0.998389661],"scale":1,"type":"featherflag_beamng"}
{"ctxid":1,"pos":[-209.465408,-835.420288,15.3662271],"rotationMatrix":[0.317456126,0.94805789,-0.0201787408,-0.946148396,0.318096787,0.0601408556,0.0634358227,0,0.997985542],"scale":1,"type":"featherflag_beamng"}
{"ctxid":1,"pos":[-378.188812,-362.992859,36.5638123],"rotationMatrix":[-0.0668473467,-0.997763157,0,0.997763157,-0.0668473467,0,0,0,0.999999881],"scale":1,"type":"featherflag_beamng"}
{"ctxid":1,"pos":[-378.489105,-372.374969,36.5376663],"rotationMatrix":[0.0376930647,0.999289274,0,-0.999289274,0.0376930647,0,0,0,0.999999881],"scale":1,"type":"featherflag_beamng"}
{"ctxid":1,"pos":[451.874054,651.747253,49.0465508],"rotationMatrix":[-0.0132294297,0.999912381,0,-0.999912381,-0.0132294297,0,0,0,0.999999762],"scale":1,"type":"featherflag_beamng"}
{"ctxid":1,"pos":[451.709351,659.300354,48.7943306],"rotationMatrix":[0.0527660847,-0.998606622,0,0.998606622,0.0527660847,0,0,0,0.999999762],"scale":1,"type":"featherflag_beamng"}
{"ctxid":1,"pos":[362.271637,-143.67305,50.9335518],"rotationMatrix":[0.547852814,-0.836574614,0,0.836574614,0.547852814,0,0,0,0.999999881],"scale":1,"type":"featherflag_beamng"}
{"ctxid":1,"pos":[367.051453,-149.225479,50.8505516],"rotationMatrix":[-0.415498435,0.909593821,0,-0.909593821,-0.415498435,0,0,0,0.999999881],"scale":1,"type":"featherflag_beamng"}
{"ctxid":1,"pos":[-539.732849,294.817261,22.8289604],"rotationMatrix":[0.880669713,0.473730534,0,-0.473730534,0.880669713,0,0,0,0.999999881],"scale":1,"type":"featherflag_beamng"}
{"ctxid":1,"pos":[-532.132324,301.881927,22.4141636],"rotationMatrix":[-0.414625585,-0.909992039,0,0.909992039,-0.414625585,0,0,0,0.999999881],"scale":1,"type":"featherflag_beamng"}
{"ctxid":1,"pos":[-245.688858,220.082886,31.3005142],"rotationMatrix":[0.365939617,-0.930638492,0,0.930638492,0.365939617,0,0,0,0.999999881],"scale":1,"type":"featherflag_beamng"}
{"ctxid":1,"pos":[-243.018936,214.498123,31.3850994],"rotationMatrix":[-0.367989838,0.929829717,0,-0.929829717,-0.367989838,0,0,0,0.999999762],"scale":1,"type":"featherflag_beamng"}
{"ctxid":1,"pos":[127.255493,49.0549698,99.1815567],"rotationMatrix":[-0.9116714,0.410919785,0,-0.410919785,-0.9116714,0,0,0,0.999999881],"scale":1,"type":"featherflag_beamng"}
{"ctxid":1,"pos":[120.984772,51.4408531,99.1140976],"rotationMatrix":[0.944777787,-0.327711403,0,0.327711403,0.944777787,0,0,0,0.999999881],"scale":1,"type":"featherflag_beamng"}
{"ctxid":1,"pos":[-491.523071,-626.807434,39.6100311],"rotationMatrix":[0.584615827,-0.811310112,0,0.811310112,0.584615827,0,0,0,0.999999881],"scale":1,"type":"featherflag_beamng"}
{"ctxid":1,"pos":[-487.777008,-632.984131,39.7649536],"rotationMatrix":[-0.44785881,0.894104183,0,-0.894104183,-0.44785881,0,0,0,0.999999881],"scale":1,"type":"featherflag_beamng"}
