{"ctxid":1,"pos":[-218.072556,-903.096497,10.3398762],"rotationMatrix":[0.991176546,0.132545546,-0.000684169121,-0.132547304,0.991163373,-0.00511615351,0,0.00516169704,0.99998647],"scale":1,"type":"ferry"}
