{"ctxid":1,"pos":[313.637756,282.662628,61.8100319],"rotationMatrix":[1,0,0,0,1,0,0,0,1],"scale":1,"type":"firwood_medical_center_sign.001"}
{"ctxid":1,"pos":[313.754059,282.847595,61.805336],"rotationMatrix":[-0.998097599,0.0616520718,0,-0.0616520718,-0.998097599,0,0,0,0.999999881],"scale":1,"type":"firwood_medical_center_sign.001"}
