{"ctxid":1,"pos":[-179.456512,564.427124,30.2421017],"rotationMatrix":[1,0,0,0,1,0,0,0,1],"scale":1,"type":"ind_clutter_mix"}
