{"ctxid":1,"pos":[-186.527588,559.506714,30.7646675],"rotationMatrix":[0.708529413,0.705679178,0,-0.705679178,0.708529413,0,0,0,0.999998093],"scale":0.938271344,"type":"ind_bld_01_door_frame"}
{"ctxid":1,"pos":[-190.776062,549.171875,30.8256149],"rotationMatrix":[0.702415049,-0.711766481,0,0.711766481,0.702415049,0,0,0,0.999999285],"scale":0.935815454,"type":"ind_bld_01_door_frame"}
