{"ctxid":1,"pos":[-172.699646,545.402588,30.5330944],"rotationMatrix":[0.71276176,0.701353788,0.00810975209,-0.701385975,0.712773919,0.00178671314,-0.00452729501,-0.00696153753,0.999959111],"scale":1,"type":"ind_bld_01_floor"}
