{"ctxid":1,"pos":[-201.749771,517.070618,30.3896294],"rotationMatrix":[0.676124692,0.736786902,0,-0.736786902,0.676124692,0,0,0,0.999999762],"scale":1,"type":"ind_bld_02"}
