{"ctxid":1,"pos":[946.450928,-676.171387,41.9934044],"rotationMatrix":[1,0,0,0,1,0,0,0,1],"scale":1,"type":"ind_rubbish_01_a"}
{"ctxid":1,"pos":[622.783142,882.93689,74.2934875],"rotationMatrix":[1,0,0,0,1,0,0,0,1],"scale":1,"type":"ind_rubbish_01_a"}
{"ctxid":1,"pos":[622.681091,882.999939,74.0279617],"rotationMatrix":[1,0,0,0,1,0,0,0,1],"scale":1,"type":"ind_rubbish_01_a"}
{"ctxid":1,"pos":[624.787903,882.858521,73.8829422],"rotationMatrix":[1,0,0,0,1,0,0,0,1],"scale":1,"type":"ind_rubbish_01_a"}
