{"ctxid":1,"pos":[-190.401123,558.506287,30.6329002],"rotationMatrix":[0.995362461,-0.0961891115,0,0.0961891115,0.995362461,0,0,0,0.999999285],"scale":1,"type":"ind_bld_01_door_main_r"}
