{"ctxid":1,"pos":[419.15094,-992.928589,12.7679462],"rotationMatrix":[1,0,0,0,1,0,0,0,1],"scale":1,"type":"ind_obj_04_b"}
