{"ctxid":1,"pos":[-794.796082,-786.756226,35.1084824],"rotationMatrix":[0.0334616713,0.999439955,0,-0.999439955,0.0334616713,0,0,0,0.999999881],"scale":1,"type":"italy_traf_sign_keep_right"}
