{"ctxid":1,"pos":[-794.80896,-786.758301,35.7862434],"rotationMatrix":[-0.163841963,0.986486495,0,-0.986486495,-0.163841963,0,0,0,0.999999881],"scale":1,"type":"italy_traf_sign_parking"}
