{"ctxid":1,"pos":[624.6698,885.125427,74.0252151],"rotationMatrix":[1,0,0,0,1,0,0,0,1],"scale":1,"type":"lush_ferns_01"}
{"ctxid":1,"pos":[623.24884,882.196777,73.7164307],"rotationMatrix":[1,0,0,0,1,0,0,0,1],"scale":1,"type":"lush_ferns_01"}
