{"ctxid":1,"pos":[-201.749771,517.070618,30.3896294],"rotationMatrix":[0.676124692,0.736786902,0,-0.736786902,0.676124692,0,0,0,0.999999762],"scale":1,"type":"port_officeBuilding"}
{"ctxid":1,"pos":[444.147858,-988.72699,13.3302031],"rotationMatrix":[0.0143229757,0.999897242,0,-0.999897242,0.0143229757,0,0,0,0.999999762],"scale":1,"type":"port_officeBuilding"}
