{"ctxid":1,"pos":[403.541656,-993.858765,12.7679482],"rotationMatrix":[0.014560909,-0.999893844,0,0.999893844,0.014560909,0,0,0,0.999999762],"scale":1,"type":"port_dispatch"}
