{"ctxid":1,"pos":[-185.377762,544.792236,30.2313976],"rotationMatrix":[-0.749145091,0.66240567,0,-0.66240567,-0.749145091,0,0,0,0.999999881],"scale":1,"type":"s_big_toolbox_01"}
