{"ctxid":1,"pos":[-184.486954,544.075134,30.1710014],"rotationMatrix":[-0.735543251,0.677477658,0,-0.677477658,-0.735543251,0,0,0,0.999999881],"scale":1,"type":"s_big_toolbox_02"}
