{"ctxid":1,"pos":[-191.985641,553.17865,30.2058487],"rotationMatrix":[-0.740055799,-0.672545254,0,0.672545254,-0.740055799,0,0,0,0.999999762],"scale":2.3089726,"type":"s_compressor_01"}
