{"ctxid":1,"pos":[-187.669708,547.017273,30.2127533],"rotationMatrix":[0.705728948,-0.708481729,0,0.708481729,0.705728948,0,0,0,0.999999762],"scale":1.10136199,"type":"s_garage_workbench_02"}
