{"ctxid":1,"pos":[-169.657242,556.112793,30.2453613],"rotationMatrix":[0.702763617,-0.71142298,0,0.71142298,0.702763617,0,0,0,0.999999642],"scale":1,"type":"s_garage_workbench_big"}
