{"ctxid":1,"pos":[-165.498581,524.981506,30.2397461],"rotationMatrix":[1,0,0,0,1,0,0,0,1],"scale":1,"type":"s_gas_tank"}
