{"ctxid":1,"pos":[-187.593613,547.125305,31.1122589],"rotationMatrix":[-0.740894198,0.671621382,0,-0.671621382,-0.740894198,0,0,0,0.999999762],"scale":1,"type":"s_laptop"}
