{"ctxid":1,"pos":[-187.231781,547.527771,30.160387],"rotationMatrix":[1,0,0,0,1,0,0,0,1],"scale":1,"type":"s_metal_stool"}
