{"ctxid":1,"pos":[-173.741425,560.159302,30.2453594],"rotationMatrix":[0.728113055,-0.685456753,0,0.685456753,0.728113055,0,0,0,0.999999642],"scale":1,"type":"s_metal_shelf_01"}
