{"ctxid":1,"pos":[-175.477081,561.867493,30.2416992],"rotationMatrix":[0.725895941,-0.687804282,0,0.687804282,0.725895941,0,0,0,0.999999762],"scale":1,"type":"s_tire_rack"}
