{"ctxid":1,"pos":[-185.164398,544.62915,31.2974586],"rotationMatrix":[1,0,0,0,1,0,0,0,1],"scale":1,"type":"s_wrench_collection"}
