{"ctxid":1,"pos":[-819.539795,-794.040161,35.5638313],"rotationMatrix":[-0.341905206,0.93973428,0,-0.93973428,-0.341905206,0,0,0,0.999999881],"scale":1,"type":"sign_stop"}
