{"ctxid":1,"pos":[-373.691956,-373.027008,37.0565948],"rotationMatrix":[0.898193121,-0.439600974,0,0.439600974,0.898193121,0,0,0,0.999999881],"scale":1,"type":"sign_arrows1"}
{"ctxid":1,"pos":[-373.736969,-363.022919,37.3342094],"rotationMatrix":[0.88225621,0.469961435,0.027561985,-0.470138043,0.882592559,-8.27200711e-05,-0.024364911,-0.012884967,0.999619663],"scale":1,"type":"sign_arrows1"}
