{"ctxid":1,"pos":[910.923523,-641.884094,41.8157806],"rotationMatrix":[1,0,0,0,1,0,0,0,1],"scale":1,"type":"tall_plant"}
{"ctxid":1,"pos":[918.827209,-644.6297,42.4583092],"rotationMatrix":[1,0,0,0,1,0,0,0,1],"scale":1,"type":"tall_plant"}
{"ctxid":1,"pos":[926.205505,-647.200684,42.320446],"rotationMatrix":[1,0,0,0,1,0,0,0,1],"scale":1,"type":"tall_plant"}
{"ctxid":1,"pos":[937.776306,-652.329102,41.9418716],"rotationMatrix":[1,0,0,0,1,0,0,0,1],"scale":1,"type":"tall_plant"}
{"ctxid":1,"pos":[932.900879,-648.510071,42.9127235],"rotationMatrix":[1,0,0,0,1,0,0,0,1],"scale":1,"type":"tall_plant"}
{"ctxid":1,"pos":[942.435181,-653.342468,41.8754539],"rotationMatrix":[1,0,0,0,1,0,0,0,1],"scale":1,"type":"tall_plant"}
{"ctxid":1,"pos":[944.413574,-653.234436,44.0668678],"rotationMatrix":[1,0,0,0,1,0,0,0,1],"scale":1,"type":"tall_plant"}
{"ctxid":1,"pos":[945.752136,-652.200745,45.9842491],"rotationMatrix":[1,0,0,0,1,0,0,0,1],"scale":1,"type":"tall_plant"}
{"ctxid":1,"pos":[946.683105,-649.961975,49.5161743],"rotationMatrix":[1,0,0,0,1,0,0,0,1],"scale":1,"type":"tall_plant"}
{"ctxid":1,"pos":[945.788696,-651.10083,50.8798599],"rotationMatrix":[1,0,0,0,1,0,0,0,1],"scale":1,"type":"tall_plant"}
{"ctxid":1,"pos":[962.05426,-677.268311,41.6887054],"rotationMatrix":[0.0242139567,0.999706686,0,-0.999706686,0.0242139567,0,0,0,0.999999881],"scale":1,"type":"tall_plant"}
{"ctxid":1,"pos":[962.948059,-665.772217,41.4177704],"rotationMatrix":[0.354797512,-0.93494308,0,0.93494308,0.354797512,0,0,0,0.999999881],"scale":1,"type":"tall_plant"}
{"ctxid":1,"pos":[946.850647,-650.389282,52.3778],"rotationMatrix":[1,0,0,0,1,0,0,0,1],"scale":1,"type":"tall_plant"}
