{"ctxid":0,"pos":[-345.622009,187.115005,57.8022003],"rotationMatrix":[-0.344144106,-0.938834965,0,0.938834965,-0.344144106,0,0,0,1],"scale":0.9921,"type":"tree_aspen_overhang_a"}
{"ctxid":0,"pos":[28.2656002,-223.949997,41.8754005],"rotationMatrix":[0.87639606,0.481587917,0,-0.481587917,0.87639606,0,0,0,1],"scale":1.27610004,"type":"tree_aspen_overhang_a"}
{"ctxid":0,"pos":[716.656006,511.450012,63.0710983],"rotationMatrix":[-0.943209052,0.33237803,0,-0.33237803,-0.943209052,0,0,0,1],"scale":1.06029999,"type":"tree_aspen_overhang_a"}
{"ctxid":0,"pos":[-67.7388916,-820.979553,14.6533642],"rotationMatrix":[0.823082924,0.567921162,0,-0.567921162,0.823082924,0,0,0,1],"scale":0.914871335,"type":"tree_aspen_overhang_a"}
{"ctxid":0,"pos":[-70.7662888,-818.636047,14.212306],"rotationMatrix":[0.426741362,0.904373705,0,-0.904373705,0.426741362,0,0,0,1],"scale":1.11568499,"type":"tree_aspen_overhang_a"}
{"ctxid":0,"pos":[-69.0768433,-817.025757,14.1798058],"rotationMatrix":[-0.693347514,-0.720603347,0,0.720603347,-0.693347514,0,0,0,1],"scale":0.978188872,"type":"tree_aspen_overhang_a"}
{"ctxid":0,"pos":[-293.317322,-924.313721,11.2207117],"rotationMatrix":[0.422890663,-0.90618068,0,0.90618068,0.422890663,0,0,0,1],"scale":0.926860511,"type":"tree_aspen_overhang_a"}
{"ctxid":1,"pos":[944.626892,-653.279724,42.76054],"rotationMatrix":[1,0,0,0,1,0,0,0,1],"scale":1,"type":"tree_aspen_overhang_a"}
{"ctxid":1,"pos":[936.932983,-650.730652,41.7682838],"rotationMatrix":[1,0,0,0,1,0,0,0,1],"scale":1,"type":"tree_aspen_overhang_a"}
{"ctxid":1,"pos":[641.910461,320.022888,49.281601],"rotationMatrix":[0.772171378,-0.635414243,0,0.635414243,0.772171378,0,0,0,0.999999881],"scale":1.04775953,"type":"tree_aspen_overhang_a"}
{"ctxid":1,"pos":[643.2901,322.62207,49.1228752],"rotationMatrix":[-0.933816373,0.357752562,0,-0.357752562,-0.933816373,0,0,0,0.999999881],"scale":1.20148695,"type":"tree_aspen_overhang_a"}
{"ctxid":1,"pos":[645.64093,318.8284,48.8219986],"rotationMatrix":[0.915024102,0.40339914,0,-0.40339914,0.915024102,0,0,0,0.999999881],"scale":0.949881017,"type":"tree_aspen_overhang_a"}
{"ctxid":1,"pos":[627.902344,357.749359,50.3195076],"rotationMatrix":[0.704243422,0.709958613,0,-0.709958613,0.704243422,0,0,0,0.999999881],"scale":0.946439087,"type":"tree_aspen_overhang_a"}
{"ctxid":1,"pos":[636.015747,360.651367,49.5260849],"rotationMatrix":[-0.856098711,0.516812086,0,-0.516812086,-0.856098711,0,0,0,0.999999881],"scale":1.0335629,"type":"tree_aspen_overhang_a"}
{"ctxid":1,"pos":[624.53241,310.762878,48.8990021],"rotationMatrix":[0.865625441,-0.500691831,0,0.500691831,0.865625441,0,0,0,0.999999881],"scale":0.9463346,"type":"tree_aspen_overhang_a"}
{"ctxid":1,"pos":[666.093933,355.517303,50.6090012],"rotationMatrix":[-0.334400356,0.942431033,0,-0.942431033,-0.334400356,0,0,0,0.999999881],"scale":1.23560178,"type":"tree_aspen_overhang_a"}
{"ctxid":1,"pos":[658.770752,372.953308,49.6739006],"rotationMatrix":[-0.960001528,-0.279994905,0,0.279994905,-0.960001528,0,0,0,0.999999881],"scale":0.952500224,"type":"tree_aspen_overhang_a"}
{"ctxid":1,"pos":[661.665466,376.41626,49.5353813],"rotationMatrix":[-0.266595185,0.963808477,0,-0.963808477,-0.266595185,0,0,0,0.999999881],"scale":1.25510895,"type":"tree_aspen_overhang_a"}
{"ctxid":1,"pos":[681.494934,360.731018,52.6003609],"rotationMatrix":[-0.317793787,-0.948159873,0,0.948159873,-0.317793787,0,0,0,0.999999881],"scale":1.0831933,"type":"tree_aspen_overhang_a"}
{"ctxid":1,"pos":[684.032776,392.658234,53.9565277],"rotationMatrix":[-0.262005836,-0.965066254,0,0.965066254,-0.262005836,0,0,0,0.999999881],"scale":0.919638336,"type":"tree_aspen_overhang_a"}
{"ctxid":1,"pos":[685.628662,395.842957,54.4305954],"rotationMatrix":[-0.971610367,-0.236586601,0,0.236586601,-0.971610367,0,0,0,0.999999881],"scale":1.27463222,"type":"tree_aspen_overhang_a"}
{"ctxid":1,"pos":[707.94873,342.572174,56.15411],"rotationMatrix":[-0.278064579,-0.960562348,0,0.960562348,-0.278064579,0,0,0,0.999999881],"scale":1.11100376,"type":"tree_aspen_overhang_a"}
{"ctxid":1,"pos":[721.284241,332.307709,58.7512627],"rotationMatrix":[-0.748247325,0.663419604,0,-0.663419604,-0.748247325,0,0,0,0.999999881],"scale":0.995120406,"type":"tree_aspen_overhang_a"}
{"ctxid":1,"pos":[710.369202,348.83728,57.5484886],"rotationMatrix":[-0.809787095,-0.586723804,0,0.586723804,-0.809787095,0,0,0,0.999999881],"scale":1.15489793,"type":"tree_aspen_overhang_a"}
{"ctxid":1,"pos":[720.258423,368.133209,58.9097748],"rotationMatrix":[0.990477979,0.137670383,0,-0.137670383,0.990477979,0,0,0,0.999999881],"scale":0.960553586,"type":"tree_aspen_overhang_a"}
{"ctxid":1,"pos":[736.309326,364.288879,60.8651886],"rotationMatrix":[0.386969745,-0.922092319,0,0.922092319,0.386969745,0,0,0,0.999999881],"scale":1.16743231,"type":"tree_aspen_overhang_a"}
{"ctxid":1,"pos":[740.390564,363.729126,61.6092072],"rotationMatrix":[-0.431157559,-0.902276516,0,0.902276516,-0.431157559,0,0,0,0.999999881],"scale":1.21210456,"type":"tree_aspen_overhang_a"}
{"ctxid":1,"pos":[750.290466,351.440765,64.4673386],"rotationMatrix":[-0.633744895,-0.773541987,0,0.773541987,-0.633744895,0,0,0,0.999999881],"scale":1.19092476,"type":"tree_aspen_overhang_a"}
{"ctxid":1,"pos":[744.519958,356.949982,63.2105293],"rotationMatrix":[-0.299188763,-0.95419389,0,0.95419389,-0.299188763,0,0,0,0.999999881],"scale":0.92024684,"type":"tree_aspen_overhang_a"}
{"ctxid":1,"pos":[734.223877,331.547913,62.9508591],"rotationMatrix":[0.970526695,-0.240993172,0,0.240993172,0.970526695,0,0,0,0.999999881],"scale":0.961455584,"type":"tree_aspen_overhang_a"}
{"ctxid":1,"pos":[724.425171,349.497894,59.6685219],"rotationMatrix":[0.286767125,-0.958000243,0,0.958000243,0.286767125,0,0,0,0.999999881],"scale":1.04985762,"type":"tree_aspen_overhang_a"}
{"ctxid":1,"pos":[716.66803,355.458344,58.5352249],"rotationMatrix":[-0.941535175,0.33691439,0,-0.33691439,-0.941535175,0,0,0,0.999999881],"scale":1.01974225,"type":"tree_aspen_overhang_a"}
{"ctxid":1,"pos":[666.156067,327.113556,49.5448875],"rotationMatrix":[-0.454908818,-0.890537918,0,0.890537918,-0.454908818,0,0,0,0.999999881],"scale":1.27958512,"type":"tree_aspen_overhang_a"}
{"ctxid":1,"pos":[675.522278,302.833954,49.1910248],"rotationMatrix":[-0.995478213,-0.0949892998,0,0.0949892998,-0.995478213,0,0,0,0.999999881],"scale":1.04372215,"type":"tree_aspen_overhang_a"}
{"ctxid":1,"pos":[694.414307,295.198425,53.7299271],"rotationMatrix":[-0.996162415,0.0875227526,0,-0.0875227526,-0.996162415,0,0,0,0.999999881],"scale":1.04960644,"type":"tree_aspen_overhang_a"}
{"ctxid":1,"pos":[680.066895,289.374878,50.3931618],"rotationMatrix":[0.985743105,0.168256804,0,-0.168256804,0.985743105,0,0,0,0.999999881],"scale":0.9957304,"type":"tree_aspen_overhang_a"}
{"ctxid":1,"pos":[682.363647,293.734833,50.7251816],"rotationMatrix":[-0.468170017,-0.883638442,0,0.883638442,-0.468170017,0,0,0,0.999999881],"scale":1.0996623,"type":"tree_aspen_overhang_a"}
{"ctxid":1,"pos":[662.040955,309.688019,49.3930893],"rotationMatrix":[-0.168043867,0.985779464,0,-0.985779464,-0.168043867,0,0,0,0.999999881],"scale":1.03799951,"type":"tree_aspen_overhang_a"}
{"ctxid":1,"pos":[681.778564,284.560364,50.0862503],"rotationMatrix":[0.231247693,-0.972894847,0,0.972894847,0.231247693,0,0,0,0.999999881],"scale":1.27828729,"type":"tree_aspen_overhang_a"}
{"ctxid":1,"pos":[662.725464,264.285278,49.3212624],"rotationMatrix":[-0.627750993,0.778413951,0,-0.778413951,-0.627750993,0,0,0,0.999999881],"scale":1.26532459,"type":"tree_aspen_overhang_a"}
{"ctxid":1,"pos":[673.732422,268.827179,49.8639412],"rotationMatrix":[0.418659598,0.908143222,0,-0.908143222,0.418659598,0,0,0,0.999999881],"scale":1.28751957,"type":"tree_aspen_overhang_a"}
{"ctxid":1,"pos":[646.381775,332.186615,50.2648964],"rotationMatrix":[0.786164463,-0.618017256,0,0.618017256,0.786164463,0,0,0,0.999999881],"scale":1.13180923,"type":"tree_aspen_overhang_a"}
{"ctxid":1,"pos":[174.531509,-616.343994,38.8923225],