{"ctxid":0,"pos":[-2.21760011,-416.321014,54.0644989],"rotationMatrix":[0.417037487,0.906019509,-0.0725454986,-0.892650545,0.423299551,0.155069098,0.171199501,8.08984041e-05,0.985237062],"scale":1.09650004,"type":"tree_oak_dead_a"}
{"ctxid":0,"pos":[-18.2521992,-377.06601,49.1257019],"rotationMatrix":[-0.564326763,-0.825498939,0,0.825498939,-0.564326763,0,0,0,1],"scale":0.837199986,"type":"tree_oak_dead_a"}
{"ctxid":0,"pos":[466.373138,-927.60968,21.4250069],"rotationMatrix":[-0.766506016,-0.642237186,0,0.642237186,-0.766506016,0,0,0,1],"scale":1.46716666,"type":"tree_oak_dead_a"}
{"ctxid":0,"pos":[-821.24231,873.794556,32.895153],"rotationMatrix":[-0.766537368,-0.64220053,0,0.64220053,-0.766537368,0,0,0,1],"scale":1.89951432,"type":"tree_oak_dead_a"}
{"ctxid":0,"pos":[-25.1932926,-813.505066,13.9984131],"rotationMatrix":[-0.991296291,-0.131649971,0,0.131649971,-0.991296291,0,0,0,1],"scale":0.964745402,"type":"tree_oak_dead_a"}
{"ctxid":1,"pos":[645.852722,396.032379,50.8383789],"rotationMatrix":[0.834324658,0.551273406,0,-0.551273406,0.834324658,0,0,0,0.999999881],"scale":0.968729734,"type":"tree_oak_dead_a"}
{"ctxid":1,"pos":[699.017273,339.458984,55.4787292],"rotationMatrix":[0.975551069,0.219772503,0,-0.219772503,0.975551069,0,0,0,0.999999881],"scale":1.02046347,"type":"tree_oak_dead_a"}
{"ctxid":1,"pos":[182.269012,-608.561951,39.6567497],"rotationMatrix":[-0.238460347,0.971152127,0,-0.971152127,-0.238460347,0,0,0,0.999999881],"scale":0.863285482,"type":"tree_oak_dead_a"}
