{"ctxid":0,"pos":[-16.3843994,-405.490997,54.9572983],"rotationMatrix":[-0.976072073,-0.217089608,0,0.217089608,-0.976072073,0,0,0,1],"scale":0.82249999,"type":"tree_oak_dead_b"}
{"ctxid":0,"pos":[494.733002,632.002991,48.0480995],"rotationMatrix":[-0.74620676,-0.665853441,0,0.665853441,-0.74620676,0,0,0,1],"scale":1.04289997,"type":"tree_oak_dead_b"}
{"ctxid":0,"pos":[493.862,623.609985,47.672699],"rotationMatrix":[0.857848883,0.513898194,0,-0.513898194,0.857848883,0,0,0,1],"scale":1.15849996,"type":"tree_oak_dead_b"}
{"ctxid":1,"pos":[654.001709,349.718903,50.6418304],"rotationMatrix":[0.593960226,0.804494381,0,-0.804494381,0.593960226,0,0,0,0.999999881],"scale":0.99221611,"type":"tree_oak_dead_b"}
{"ctxid":1,"pos":[644.482788,352.478699,50.6979904],"rotationMatrix":[0.140390635,0.990096152,0,-0.990096152,0.140390635,0,0,0,0.999999881],"scale":1.12913311,"type":"tree_oak_dead_b"}
{"ctxid":1,"pos":[664.257629,334.598694,50.2121964],"rotationMatrix":[0.40829438,0.91285032,0,-0.91285032,0.40829438,0,0,0,0.999999881],"scale":1.01274538,"type":"tree_oak_dead_b"}
{"ctxid":1,"pos":[668.996948,342.349518,50.6015472],"rotationMatrix":[-0.999968052,0.00797248073,0,-0.00797248073,-0.999968052,0,0,0,0.999999881],"scale":0.865820646,"type":"tree_oak_dead_b"}
{"ctxid":1,"pos":[674.869385,335.563568,50.8894234],"rotationMatrix":[-0.910069168,-0.414456159,0,0.414456159,-0.910069168,0,0,0,0.999999881],"scale":1.00867689,"type":"tree_oak_dead_b"}
{"ctxid":1,"pos":[696.783813,318.692383,54.4960098],"rotationMatrix":[0.679931223,0.73327589,0,-0.73327589,0.679931223,0,0,0,0.999999881],"scale":0.904013336,"type":"tree_oak_dead_b"}
{"ctxid":1,"pos":[689.805298,341.84671,54.0222206],"rotationMatrix":[0.252967209,-0.967474759,0,0.967474759,0.252967209,0,0,0,0.999999881],"scale":1.01769555,"type":"tree_oak_dead_b"}
{"ctxid":1,"pos":[628.345947,417.501221,52.8269577],"rotationMatrix":[-0.474787593,-0.88010031,0,0.88010031,-0.474787593,0,0,0,0.999999881],"scale":0.808576167,"type":"tree_oak_dead_b"}
{"ctxid":1,"pos":[-741.974854,-143.330322,18.7850571],"rotationMatrix":[-0.568974435,-0.822355211,0,0.822355211,-0.568974435,0,0,0,0.999999881],"scale":0.962142408,"type":"tree_oak_dead_b"}
{"ctxid":1,"pos":[164.130341,-572.363831,40.6814995],"rotationMatrix":[0.79415071,0.607720852,0,-0.607720852,0.79415071,0,0,0,0.999999881],"scale":1.01515222,"type":"tree_oak_dead_b"}
