{"ctxid":0,"pos":[-14.3842001,-414.692993,55.5564003],"rotationMatrix":[-0.0252883434,0.967925966,-0.24965924,-0.999605119,-0.0245051384,0.00625456125,-8.22469592e-05,0.249737561,0.968311191],"scale":1.10479999,"type":"tree_beech_dead_b"}
{"ctxid":0,"pos":[-24.6208992,-405.923004,55.7928009],"rotationMatrix":[-0.947943091,0.318176568,0,-0.318176568,-0.947943091,0,0,0,1],"scale":1.17579997,"type":"tree_beech_dead_b"}
{"ctxid":0,"pos":[-28.2665997,-385.269989,51.7257996],"rotationMatrix":[-0.617121339,0.786800027,0,-0.786800027,-0.617121339,0,0,0,1],"scale":1.03729999,"type":"tree_beech_dead_b"}
{"ctxid":0,"pos":[-18.3540001,-385.695007,50.1227989],"rotationMatrix":[-0.773597717,0.633575737,0,-0.633575737,-0.773597717,0,0,0,1],"scale":0.810500026,"type":"tree_beech_dead_b"}
{"ctxid":1,"pos":[650.291565,392.798767,50.813282],"rotationMatrix":[0.75313133,-0.657869995,0,0.657869995,0.75313133,0,0,0,0.999999881],"scale":1.11240387,"type":"tree_beech_dead_b"}
{"ctxid":1,"pos":[654.384338,345.280548,50.3801727],"rotationMatrix":[-0.351265848,-0.936275721,0,0.936275721,-0.351265848,0,0,0,0.999999881],"scale":0.659273863,"type":"tree_beech_dead_b"}
{"ctxid":1,"pos":[648.004456,351.960175,50.5340729],"rotationMatrix":[-0.444329917,-0.895863116,0,0.895863116,-0.444329917,0,0,0,0.999999881],"scale":0.768459678,"type":"tree_beech_dead_b"}
{"ctxid":1,"pos":[645.225037,346.858215,50.6334114],"rotationMatrix":[-0.655771792,-0.754958987,0,0.754958987,-0.655771792,0,0,0,0.999999881],"scale":0.683453083,"type":"tree_beech_dead_b"}
{"ctxid":1,"pos":[663.534607,337.858429,50.113884],"rotationMatrix":[0.940812647,-0.338926733,0,0.338926733,0.940812647,0,0,0,0.999999881],"scale":0.963269413,"type":"tree_beech_dead_b"}
{"ctxid":1,"pos":[671.734436,331.240112,50.3365326],"rotationMatrix":[0.666315615,0.745669842,0,-0.745669842,0.666315615,0,0,0,0.999999881],"scale":1.06320655,"type":"tree_beech_dead_b"}
{"ctxid":1,"pos":[689.42688,331.159515,53.5882034],"rotationMatrix":[0.331134766,-0.94358331,0,0.94358331,0.331134766,0,0,0,0.999999881],"scale":0.56558466,"type":"tree_beech_dead_b"}
{"ctxid":1,"pos":[701.52124,320.832611,55.8020821],"rotationMatrix":[0.813585401,0.581445396,0,-0.581445396,0.813585401,0,0,0,0.999999881],"scale":1.19842076,"type":"tree_beech_dead_b"}
{"ctxid":1,"pos":[704.467163,333.332947,56.5924644],"rotationMatrix":[-0.714794159,0.699334681,0,-0.699334681,-0.714794159,0,0,0,0.999999881],"scale":0.692706704,"type":"tree_beech_dead_b"}
{"ctxid":1,"pos":[694.66217,320.310364,54.7128029],"rotationMatrix":[-0.946926892,0.321448594,0,-0.321448594,-0.946926892,0,0,0,0.999999881],"scale":0.60730958,"type":"tree_beech_dead_b"}
{"ctxid":1,"pos":[707.221375,325.152466,56.6993256],"rotationMatrix":[0.319902897,0.94745034,0,-0.94745034,0.319902897,0,0,0,0.999999881],"scale":1.17563307,"type":"tree_beech_dead_b"}
{"ctxid":1,"pos":[709.943176,330.506653,57.2594719],"rotationMatrix":[0.00970458705,-0.999952793,0,0.999952793,0.00970458705,0,0,0,0.999999881],"scale":0.54867959,"type":"tree_beech_dead_b"}
{"ctxid":1,"pos":[696.919312,321.804016,55.1554337],"rotationMatrix":[-0.891816974,0.452396333,0,-0.452396333,-0.891816974,0,0,0,0.999999881],"scale":0.849225283,"type":"tree_beech_dead_b"}
{"ctxid":1,"pos":[692.371216,321.918243,53.6881714],"rotationMatrix":[-0.137326092,-0.990525842,0,0.990525842,-0.137326092,0,0,0,0.999999881],"scale":0.901399255,"type":"tree_beech_dead_b"}
{"ctxid":1,"pos":[704.526917,322.50293,56.6209869],"rotationMatrix":[0.839380741,0.543543875,0,-0.543543875,0.839380741,0,0,0,0.999999881],"scale":0.563789248,"type":"tree_beech_dead_b"}
{"ctxid":1,"pos":[696.654907,337.056458,55.2103653],"rotationMatrix":[0.889437616,0.457056582,0,-0.457056582,0.889437616,0,0,0,0.999999881],"scale":0.959930062,"type":"tree_beech_dead_b"}
{"ctxid":1,"pos":[703.865967,334.087036,56.54142],"rotationMatrix":[-0.606849134,-0.794816911,0,0.794816911,-0.606849134,0,0,0,0.999999881],"scale":0.836464405,"type":"tree_beech_dead_b"}
{"ctxid":1,"pos":[705.130554,327.940918,57.1659813],"rotationMatrix":[-0.852465808,0.522782922,0,-0.522782922,-0.852465808,0,0,0,0.999999881],"scale":0.682822704,"type":"tree_beech_dead_b"}
{"ctxid":1,"pos":[623.97821,417.043304,52.8173523],"rotationMatrix":[-0.246559113,0.969127655,0,-0.969127655,-0.246559113,0,0,0,0.999999881],"scale":0.504403293,"type":"tree_beech_dead_b"}
{"ctxid":1,"pos":[-755.31665,-153.521301,16.9821777],"rotationMatrix":[0.900024116,-0.435839951,0,0.435839951,0.900024116,0,0,0,0.999999881],"scale":0.815023899,"type":"tree_beech_dead_b"}
{"ctxid":1,"pos":[-747.452087,-153.342255,17.0916233],"rotationMatrix":[0.466944754,-0.884286404,0,0.884286404,0.466944754,0,0,0,0.999999881],"scale":0.768188834,"type":"tree_beech_dead_b"}
{"ctxid":1,"pos":[-746.773865,-151.171402,17.3544846],"rotationMatrix":[0.723456204,-0.690370142,0,0.690370142,0.723456204,0,0,0,0.999999881],"scale":0.944524705,"type":"tree_beech_dead_b"}
{"ctxid":1,"pos":[-739.749329,-140.470154,19.499958],"rotationMatrix":[0.462208569,0.886771262,0,-0.886771262,0.462208569,0,0,0,0.999999881],"scale":0.768461108,"type":"tree_beech_dead_b"}
{"ctxid":1,"pos":[-790.320068,-136.83905,22.4838238],"rotationMatrix":[0.266429603,0.963854373,0,-0.963854373,0.266429603,0,0,0,0.999999881],"scale":0.565220654,"type":"tree_beech_dead_b"}
{"ctxid":1,"pos":[-784.535828,-139.718475,21.737318],"rotationMatrix":[-0.997924626,0.064391464,0,-0.064391464,-0.997924626,0,0,0,0.999999881],"scale":0.57419306,"type":"tree_beech_dead_b"}
{"ctxid":1,"pos":[-784.967773,-144.41954,21.7156506],"rotationMatrix":[0.460795641,-0.887506187,0,0.887506187,0.460795641,0,0,0,0.999999881],"scale":0.796459675,"type":"tree_beech_dead_b"}
{"ctxid":1,"pos":[179.480042,-600.033875,40.1537285],"rotationMatrix":[-0.617488444,-0.786579907,0,0.786579907,-0.617488444,0,0,0,0.999999881],"scale":1.09533739,"type":"tree_beech_dead_b"}
{"ctxid":1,"pos":[184.715744,-603.624207,39.8151321],"rotationMatrix":[-0.996463478,0.0840252191,0,-0.0840252191,-0.996463478,0,0,0,0.999999881],"scale":0.798684657,"type":"tree_beech_dead_b"}
{"ctxid":1,"pos":[163.36969,-583.982117,40.7275543],"rotationMatrix":[-0.974582732,-0.224027574,0,0.224027574,-0.974582732,0,0,0,0.999999881],"scale":1.05792904,"type":"tree_beech_dead_b"}
{"ctxid":1,"pos":[163.760925,-584.713196,40.7260895],"rotationMatrix":[0.950970232,-0.309281975,0,0.309281975,0.950970232,0,0,0,0.999999881],"scale":0.64787364,"type":"tree_beech_dead_b"}
{"ctxid":1,"pos":[165.668549,-587.158813,40.8492928],"rotationMatrix":[-0.978728712,0.205158159,0,-0.205158159,-0.978728712,0,0,0,0.999999881],"scale":0.931192219,"type":"tree_beech_dead_b"}
{"ctxid":1,"pos":[164.129272,-585.839111,40.6950645],"rotationMatrix":[-0.128574446,-0.991699755,0,0.991699755,-0.128574446,0,0,0,0.999999881],"scale":1.0514034,"type":"tree_beech_dead_b"}
{"ctxid":1,"pos":[163.715012,-576.66626,40.6949081],"rotationMatrix":[0.21394819,0.976844966,0,-0.976844966,0.21394819,0,0,0,0.999999881],"scale":0.748789191,"type":"tree_beech_dead_b"}
